Filename,Protocole,echantillon,Impacts potentiels,Extrait pertinent,Évaluation d'invasivité,Justification d'invasivité,Péchés identifiés,Taux de confiance,annonce_invasivite,justification_annonce_invasivite
carpenter2016,Échantillonnage de fèces chez les bilbies captifs,Fèces,"['Stress pour les animaux', 'Perturbation du marquage territorial', 'Stress potentiellement causé par la manipulation des fèces']","['Faecal pellets were collected from three captive male bilbies housed individually at Kanyana Wildlife Rehabilitation Centre in Lesmurdie, Western Australia. Over a 20-day period in January and February 2015, 63 samples were collected within 24 h of deposition.', 'Three PCR replicates using the Qiagen Multiplex PCR Plus Kit were used for each scat sample.', 'Extractions were undertaken using the QIAGEN QIAamp Fast DNA Stool MiniKit with modifications that included a wash of the faecal pellets (Piggott and Taylor 2003a)', 'The wash of epithelial cells from each pellet was performed with 1.5 mL to 5 mL of SLP buffer (...) followed by a 10-min incubation at 70 C (...)']",Invasif,"Les bilbies sont captifs et donc manipulés par l'homme, ce qui remplit le critère d'invasivité 'Contact direct avec l'animal vivant'. De plus, la collecte de fèces est effectuée sur un territoire marqué par les animaux, ce qui remplit le critère d'invasivité 'Modification du comportement naturel'. Le protocole implique une manipulation directe des fèces, ce qui est considéré comme invasif selon les critères définis.","[1, 3]",95% - La méthodologie est explicitement détaillée et les termes utilisés sont clairs.,Non,Le titre ne contient pas de déclaration globale de non-invasivité. Le protocole détecté comme invasif n'est pas mentionné dans le titre. Le corps de l'article ne contient pas de phrase indiquant explicitement que ce protocole est non invasif.
CONICET_Digital_Nro.14085,Collecte de fèces avec chiens détecteurs,Fèces,"[""Stress pour l'animal"", 'Modification du comportement naturel', 'Déplacement ou perturbation des animaux', 'Altération du marquage territorial']","['We collected all scats that the dog indicated on', 'Detection dogs were used to locate scats']",Invasif,"La collecte de toutes les fèces et l'utilisation de chiens détecteurs pour localiser les fèces indique une perturbation du comportement naturel et une modification de l'habitat, ce qui remplit le critère d'invasivité.",[1],"90% - Les termes utilisés dans le protocole sont explicites et indiquent clairement une collecte invasive, mais il manque des informations sur la fréquence et l'intensité de l'échantillonnage.",Oui,Le titre de l'article 'Noninvasive Techniques Provide Novel Insights for the Elusive Bush Dog (Speothos venaticus)' indique explicitement que les techniques utilisées sont non invasives.
What can we learn from faeces Assessing genotyping success and genetic variability in three mouse-ea,Collecte d'ADN à partir de fèces,Fèces,[],"['We removed old droppings from the floor', 'Previous studies on bats showed that sequencing large fragments (>600 bp) of mitochondrial DNA from well-preserved faecal samples is achievable and can be performed routinely with high success rates (even >85%; e.g. Boston et al., 2011;Ruedi et al., 2012;Goodman et al., 2012;Boston et al., 2012).', 'The 245 Myotis spp. droppings successfully identified at the species level by mtDNA sequencing were analyzed with the novel multiplex protocol of seven highly polymorphic microsatellites to further confirm species assignment through nuclear DNA (nDNA) analyses, as well as to provide reliable individual identification.', 'After the first four PCR replicates at multiplex M1 (2940 amplifications), the first screening step of multi-tube protocol was failed by 95 (39%) non-invasive samples that were immediately discarded (Tab. S3).']",Non invasif,"La collecte est ponctuelle et opportuniste, il n'y a pas de capture ou manipulation des animaux. Les fèces sont simplement récupérées après leur abandon.",[],80% - La méthodologie est détaillée mais il manque des informations sur la fréquence et l'intensité de l'échantillonnage.,,
A novel primer set for mammal species identification from feces samples,Échantillonnage d'ADN à partir de fèces,Fèces/Urine,[],"['Feces contain DNA that can be amplified by PCR analysis generating species-specific sequences to unambiguously identify samples', 'Most likely the sample had been marked with urine by the fox, remaining in the sample and allowing us to detect both species']",Non invasif,"Le protocole mentionne l'utilisation d'échantillons de fèces et d'urine, qui peuvent être considérés comme non invasifs si collectés naturellement. Cependant, il n'y a pas suffisamment d'informations pour déterminer si la collecte était systématique ou exhaustive.",['2'],75% - Implicite fort,,
Conservation Biology - 2013 - EGGERT - Using Genetic Profiles of African Forest Elephants to Infer Population Structure,Collecte et analyse d'ADN à partir de fèces,Fèces,"['Perturbation du marquage territorial', 'Modification du comportement naturel']","['We collected dung samples...', 'We used the method of Eggert et al. (2003) to extract DNA from dung in a separate lab from the one in which DNA was amplified.', 'Sequences were obtained for both strands in an ABI 3100 automated sequencer (Applied Biosystems) and aligned with Sequencher 4.5 (Gene Codes, Ann Arbor, Michigan)']",Invasif,"Le protocole implique la collecte de fèces, qui est considérée comme invasive selon les règles spécifiques aux mammifères car elle peut affecter le comportement naturel ou le territoire. La collecte de fèces est décrite comme opportuniste, ce qui indique une méthode non invasive selon les critères spécifiques aux mammifères. Il n'y a pas de mention de capture ou de manipulation des animaux.",['2'],70% - Implicite fort,Non,Le titre ne contient pas de déclaration globale de non-invasivité. Le protocole détecté comme invasif n'est pas mentionné dans le titre. Il n'y a pas de phrase indiquant explicitement que la collecte et l'analyse d'ADN à partir de fèces sont non invasives dans le corps de l'article.
Optimisation_of_a_microsatellite_panel_for_the_ind,Échantillonnage de poils,Échantillons de poils,"['Modification du comportement naturel', 'Stress pour les animaux capturés', 'Perturbation du comportement naturel']","['A total of 157 hair samples were collected out of 273 baited hair traps.', 'Hair trapping sites (abundance study, n =5)']",Invasif,"L'utilisation d'appâts dans les pièges à cheveux modifie le comportement naturel des animaux, ce qui correspond au péché de l'échantillonnage d'ADN 'Appâtage des pièges à ADN'. De plus, l'utilisation du terme 'abundance study' suggère une collecte systématique et exhaustive des échantillons, ce qui pourrait affecter le comportement naturel des animaux.","['2', '3']",100%,Manque d'informations,"Le titre ne contient pas de déclaration globale de non-invasivité, ni une mention explicite du protocole détecté comme invasif. Le corps de l'article ne contient pas de phrase indiquant explicitement que le protocole en question est non invasif."
Optimisation_of_a_microsatellite_panel_for_the_ind,Échantillonnage de tissu auriculaire,Tissu auriculaire,"['Stress pour les animaux', 'Blessures potentielles']",['Ear tissue was collected from 37 dead possums captured in three areas across Canterbury'],Invasif,"Le protocole implique la capture des opossums, ce qui remplit le critère d'invasivité 'Contact direct avec l'animal vivant'. Il n'y a pas de mention de l'utilisation d'échantillons déjà abandonnés naturellement ou de l'absence de perturbation du comportement naturel.",[3],100% - La méthodologie est explicitement détaillée.,Non,Le titre de l'article mentionne 'non-invasive monitoring' mais ne spécifie pas explicitement que le protocole d'échantillonnage de tissu auriculaire est non invasif. Le corps de l'article ne contient aucune phrase indiquant explicitement que ce protocole est non invasif.
2015_HarmsEtAl_predator_identification_saliva_traces_JMamm,Collecte non invasive d'échantillons de tissu contenant des traces d'ADN,Fèces,"['Stress pour les animaux', 'Perturbation du territoire']","[""La collecte non invasive d'échantillons de tissu contenant des traces d'ADN, tels que les poils, les fèces ou les plumes, s'est avérée particulièrement utile dans le domaine de l'écologie moléculaire et de la biologie de la conservation au cours des dernières décennies"", 'Nous avons collecté 2 ou 3 fèces fraîches par individu']",Invasif,"Le protocole mentionne la collecte de fèces fraîches, ce qui indique une manipulation directe des animaux ou de leur environnement. Cela remplit le critère d'invasivité 'Contact direct avec l'animal vivant'. Il n'y a pas de mention de la collecte opportuniste ou ponctuelle, donc cela ne correspond pas à un échantillonnage non invasif.",['3'],100%,Non,Le titre ne contient pas de déclaration globale de non-invasivité. Le protocole détecté comme invasif n'est pas mentionné dans le titre. Le corps de l'article ne contient pas de phrase indiquant explicitement que ce protocole est non invasif.
Characterization of 9 microsatellites and primers in snow leopards and a species-specific PCR assay,Collecte d'échantillons sur les sentiers et les surplombs,Fèces,[],"['La collecte de fèces sur les sentiers, les selles et les surplombs est une méthode efficace pour échantillonner les populations de léopards des neiges']",Non invasif,"Le protocole mentionne explicitement que les échantillons de fèces ont été obtenus de manière non invasive. Il n'y a pas de capture ou manipulation des animaux, ni d'utilisation d'appâts ou leurres. La collecte est effectuée sur des sentiers, selles et surplombs, où les fèces sont naturellement abandonnées.",[],"85% - La méthodologie est explicitement décrite comme non invasive, mais il manque des informations sur la fréquence et l'exhaustivité de la collecte.",,
Characterization of 9 microsatellites and primers in snow leopards and a species-specific PCR assay,Échantillonnage d'oiseaux,"Sang, plumes, rémiges et fèces","['Stress pour les oiseaux', 'Blessures potentielles']","['Les oiseaux échantillonnés appartiennent à 32 espèces de perroquets', 'Le sang a été prélevé avec un coton-tige stérile après avoir coupé un ongle ; une à trois plumes thoraciques ont été prélevées par traction et les rémiges ont été coupées en morceaux de 2-5 mm de long ; des cotons-tiges stériles ont été utilisés pour prélever des échantillons buccaux et fécaux']",Invasif,"Le protocole implique la capture des oiseaux et la manipulation de leurs plumes, ce qui est contraire à la définition d'échantillonnage non invasif. La collecte de sang après avoir coupé un ongle est également invasive.",[],100% - Les termes utilisés dans le protocole sont explicites et indiquent clairement une méthode invasive.,Non,Le titre ne mentionne pas explicitement que le protocole est non invasif. Le corps de l'article ne contient pas de phrase indiquant explicitement que le protocole d'échantillonnage d'oiseaux est non invasif.
Molecular Ecology Resources - 2013 - Bidon - A sensitive and specific multiplex PCR approach for sex identification of,Collecte d'échantillons dans la nature,Cheveux et fèces,"['Stress pour les animaux', 'Perturbation du comportement naturel']","['In addition, hair and scat samples from brown bears were collected in the field...', 'We used ten hair samples (...) collected in the field']",Invasif,"Le protocole mentionne la collecte de cheveux et de fèces dans le champ, ce qui implique un contact direct avec l'animal vivant.",[1],90%,Non,"Le titre de l'article mentionne explicitement que la méthode est adaptée pour les échantillons non-invasifs, mais il n'y a pas de déclaration explicite ou implicite dans le corps de l'article concernant la non-invasivité du protocole spécifique de collecte d'échantillons dans la nature."
Molecular Ecology Resources - 2013 - Bidon - A sensitive and specific multiplex PCR approach for sex identification of,Extraction d'ADN à partir d'échantillons congelés,Tissu ou sang congelé,[],['DNA was extracted from frozen tissue or blood samples using a modified Puregene (Qiagen) DNA extraction protocol.'],Non invasif,"Le protocole utilise des échantillons de tissu ou de sang congelés, qui ont été prélevés précédemment et ne nécessitent aucun contact direct avec l'animal vivant ni perturbation de son comportement naturel. Il n'y a pas de capture ou de manipulation d'animaux vivants.",[],"80% - Implicite fort, car il n'y a pas de détails sur la collecte initiale des échantillons, mais la méthode d'extraction utilisée indique clairement que les échantillons étaient déjà congelés.",,
Molecular Ecology Resources - 2013 - Bidon - A sensitive and specific multiplex PCR approach for sex identification of,Collecte d'échantillons dans un zoo,Fèces et cheveux,[],"['Faeces from zoo animals were sampled fresh and stored in 96% ethanol not more than 72 h after deposit.', 'Hair and faecal samples from zoo animals (...) were sexed correctly.']",Non invasif,"Les échantillons ont été prélevés dans un zoo, où les animaux sont déjà captifs et ne sont pas perturbés par la collecte des échantillons. Il n'y a pas de contact direct avec l'animal vivant ni de modification du comportement naturel.",[],"80% - Justification : La méthodologie est implicitement forte car elle est basée sur la déduction que les animaux sont déjà captifs dans un zoo, mais il manque des informations sur la fréquence et l'intensité de l'échantillonnage.",,
The application of non-invasive genetic tagging reveals new insights into the clay lick use by macaw,Collecte de plumes chez les oiseaux,Plumes,"['Stress pour les oiseaux', 'Perturbation du marquage territorial']","['feathers should be collected on a regular basis (e.g., every week', 'Feathers were collected explicitly in the breeding season']",Invasif,La collecte régulière de plumes est invasive car elle modifie le comportement naturel des oiseaux. La collecte explicite pendant la saison de reproduction indique que les plumes ont été collectées naturellement abandonnées.,[],"80% - La justification est basée sur les règles spécifiques aux oiseaux et les mots-clés de non-invasivité, mais il manque des informations sur la fréquence et l'exhaustivité de la collecte.",Oui,"Le titre de l'article contient explicitement la mention 'non-invasive genetic tagging', ce qui indique que le protocole utilisé est non invasif."
Mowry-et-al-2015-Missouri-river-otter-2eafd4v,Collecte d'échantillons non invasifs,"Fèces et sécrétions des glandes anales, Cheveux et fèces","['Perturbation du marquage territorial', 'Stress potentiellement causé aux animaux', 'Stress pour les animaux', 'Modification du comportement naturel']","['Upon locating a latrine, field crews recorded the Global Positioning System coordinates and cleared all scats', 'then returned after 5 days to collect all new scat and anal sac samples.', 'We collected hair and scat samples within a 4×7-km grid']",Invasif,Le protocole implique la manipulation de l'habitat naturel des animaux en retirant tous les excréments et en revenant plus tard pour collecter de nouveaux échantillons. Cela peut perturber le comportement naturel des animaux.,"[3, 1, 2]",100% - La méthodologie est explicitement détaillée.,Non,Le titre ne contient pas de déclaration globale de non-invasivité. Le protocole détecté comme invasif n'est pas mentionné dans le titre. Le corps de l'article ne contient pas de phrase indiquant explicitement que ce protocole est non invasif.
Mowry-et-al-2015-Missouri-river-otter-2eafd4v,Collecte d'échantillons non invasifs,Cheveux et fèces,[],['We collected a total of 63 non-invasive samples (30 hair and 33 scat samples).'],Non invasif,Le protocole mentionne explicitement que les échantillons sont non-invasifs. Les échantillons de cheveux et de fèces ont été collectés sans capture ni manipulation directe des animaux.,[],"90% - La méthodologie est explicitement décrite comme non invasive, mais il manque des informations sur la fréquence et l'intensité de l'échantillonnage.",,
Wildlife Society Bulletin - 2016 - Gulsby - Efficacy and precision of fecal genotyping to estimate coyote abundance,Collecte de fèces de coyote,Fèces,['Perturbation du comportement naturel'],"['We collected putative coyote scats approximately weekly on each study area during February 2010-April 2012 along permanently identified survey routes that consisted of unpaved roads and trails.', 'We collected approximately 3 mL (i.e., size of a small grape) of fecal matter from the outside edges of each scat in the field and placed the sample into a 15-mL polystyrene centrifuge tube filled with 9 mL of 95% EtOH.']",Invasif,"La collecte est effectuée de manière systématique et régulière (chaque semaine) sur des routes d'étude permanentes, ce qui peut perturber le comportement naturel des animaux. Cela remplit donc le critère d'invasivité lié à la modification du comportement.",[1],90% - Les termes utilisés dans le protocole sont clairs et permettent une déduction solide.,Non,Le titre de l'article ne contient pas de déclaration globale de non-invasivité. Le protocole détecté comme invasif n'est pas mentionné dans le titre. Le corps de l'article ne contient pas de phrase indiquant explicitement que la collecte de fèces de coyote est non invasive.
Integrative Zoology - 2015 - SOROKIN - Genetic structure of the Amur tiger  Panthera tigris altaica  population  Are tigers,Échantillonnage d'ADN à partir de fèces et sang de tigres,"Fèces, sang","['Stress pour les animaux capturés', 'Blessures potentielles']","['We conducted molecular genetic analysis of DNA isolated from 256 samples of feces, 7 samples of hair, and 11 blood samples collected in winter from tigers from 4 parts of their range in the Russian Far East...', 'Feces were collected frozen during winter surveys in 2009-2013. Blood samples were taken from 11 animals captured and tagged with GPS collars.']",Invasif,"Le protocole implique la capture et le marquage des animaux avec des colliers GPS, ce qui cause du stress et potentiellement des blessures.",[],100% - La méthodologie est explicitement détaillée.,Non,Le titre ne mentionne pas explicitement que le protocole est non invasif. Le corps de l'article ne contient pas de phrase indiquant explicitement que le protocole en question est non invasif.
1-s2.0-S2213224416300608-main,Collecte de fèces non invasive chez les primates,Fèces,[],"['A total of 420 samples were collected between 2013 and 2015 from 68 primate troops inhabiting 52 localities', 'We were able to extract and amplify DNA from four of the six different egg morphotypes found in the faeces.', 'Non-invasive sampling techniques were employed, collecting faecal samples immediately after defecation to avoid contamination']",Non invasif,"Le protocole utilise des techniques d'échantillonnage non invasives en collectant les fèces immédiatement après la défécation pour éviter toute contamination. Il n'y a pas de capture ou manipulation directe des animaux, ni modification du comportement naturel.",['1'],80% - Justification : La méthodologie est implicitement forte car elle permet une déduction solide basée sur les mots-clés de non-invasivité.,,
American J Primatol - 2015 - Basabose - Estimation of chimpanzee community size and genetic diversity in Kahuzi‐Biega,Chimpanzee fecal sampling,Fèces de mammifères,"['Modification du comportement naturel des chimpanzees', ""Perturbation de l'habitat""]","['Chimpanzee fecal samples were collected in the study area (Fig. 1).', 'At all nest sites, only feces estimated to be 1-2 days old were sampled.', 'Only tree nests confirmed to have been used by chimpanzees (presence of fresh feces) were sampled and only fecal samples found in or beneath a night tree nest were collected.']",Invasif,"Le protocole implique la collecte systématique de fèces sur l'ensemble du territoire des chimpanzees, ce qui peut affecter leur comportement naturel et perturber leur habitat. De plus, la collecte de fèces fraîches confirme l'utilisation récente du site par les chimpanzees, ce qui peut entraîner une modification du comportement.",[],"85% - Les termes utilisés dans le protocole sont clairs, mais il manque des informations sur la fréquence et l'intensité de l'échantillonnage.",Non,Le titre ne contient pas de déclaration globale de non-invasivité. Le protocole détecté comme invasif n'est pas mentionné dans le titre. Le corps de l'article ne contient pas de phrase indiquant explicitement que le protocole en question est non invasif.
American J Primatol - 2015 - Basabose - Estimation of chimpanzee community size and genetic diversity in Kahuzi‐Biega,Non-invasive genetic method,ADN environnemental (eDNA),[],['We used a non-invasive genetic method in the present study'],Non invasif,"Le protocole utilise une méthode génétique non invasive, ce qui signifie qu'il n'y a pas de contact direct avec l'animal vivant et que la collecte d'échantillons ne nécessite pas la capture ou la manipulation de l'animal vivant.",[],100% - La méthodologie est explicitement décrite comme non invasive.,,
Examining spatial patterns of selection and use for an altered predator guild,Collecte de fèces de mammifères à l'aide de chiens détecteurs,Fèces,"['Stress pour les animaux', 'Perturbation du comportement naturel']","['We collected red fox, Canada lynx, coyote, and black bear scats using scat-detecting dogs from 2009 to 2012 in Newfoundland.', 'Scats were also collected along roads during travel to and from search locations.']",Invasif,"Le protocole implique l'utilisation de chiens pour détecter les fèces, ce qui constitue une manipulation directe des animaux. De plus, la collecte de fèces le long des routes peut être considérée comme invasive si elle est effectuée de manière systématique ou exhaustive.","[1, 3]",95% - Les termes utilisés et la méthodologie décrite permettent une déduction solide.,Non,Le titre ne contient pas de déclaration globale de non-invasivité. Le protocole détecté comme invasif n'est pas mentionné dans le titre. Il n'y a pas de phrase indiquant explicitement que ce protocole est non invasif dans le corps de l'article.
Genetic structure and population history of wintering Asian Great Bustard (Otis tarda dybowskii) in,Fecal sampling of Great Bustard,Fèces,[],"['Fecal sampling was conducted from December 2015 to March 2016... The overnight roosts and foraging grounds of the Great Bustard were observed with telescopes and, once birds flew away, fresh fecal samples were collected immediately.']",Non invasif,"Les échantillons de fèces ont été collectés après le départ des oiseaux, sans capture ni manipulation. La collecte était opportuniste et non systématique.",[],"80% - La méthodologie est détaillée, mais il manque des informations sur la fréquence.",,
Genetic structure and population history of wintering Asian Great Bustard (Otis tarda dybowskii) in,Tissue sampling of Leopard Cat,"Échantillons de tissus, d'ongles et de queues prélevés dans les contenus stomacaux, échantillons osseux prélevés dans les fèces du chat sauvage",['Stress potentiellement causé par la manipulation des échantillons prélevés dans les fées'],"['Twenty-five milligrams of each individual tissue, toe, and tail sample from the stomach contents was isolated.', 'Bone samples from the scat of leopard cats were carefully cleaned using a disposable scalpel and compressed air and were ground to a fine powder in a small mortar.']",Invasif,"Le protocole implique la manipulation d'échantillons prélevés dans les fèces, ce qui peut être considéré comme invasif selon les critères spécifiques aux mammifères. La collecte de fèces est considérée comme invasive si elle est systématique et exhaustive sur le même territoire.",['3'],100% - La méthodologie est explicitement détaillée et ne laisse pas de place à l'interprétation.,Non,Le titre ne contient pas de déclaration globale de non-invasivité. Le protocole détecté comme invasif n'est pas mentionné dans le titre. Le corps de l'article ne contient pas de phrase indiquant explicitement que le protocole en question est non invasif.
Genetic structure and population history of wintering Asian Great Bustard (Otis tarda dybowskii) in,Stomach sampling of Leopard Cat,Stomacs,['Stress potentiellement subi par les animaux vivants dans la région'],"['The stomachs of 11 dead leopard cats were collected along the roads in Gurye, Korea']",Invasif,"Le protocole implique la collecte de stomachs de léopards morts, ce qui nécessite un contact direct avec l'animal vivant et une manipulation de l'animal mort.",[1],95% - La méthodologie est explicitement détaillée et ne laisse pas de place au doute.,Non,Le titre ne contient pas de déclaration globale de non-invasivité. Le protocole détecté comme invasif n'est pas mentionné dans le titre. Le corps de l'article ne contient pas de phrase indiquant explicitement que le protocole en question est non invasif.
Genetic structure and population history of wintering Asian Great Bustard (Otis tarda dybowskii) in,Scat sampling of Leopard Cat,Fèces,"['Perturbation du marquage territorial', 'Stress potentiellement subi par les animaux vivants dans la région']","['Scat was collected from Samcheok in 2006, Goheung in 2011, and Gwangju in 2011 in Korea']",Invasif - Territory marking,"Le protocole implique la collecte systématique de fèces sur un territoire donné, ce qui peut affecter le marquage territorial et perturber significativement l'habitat.",[2],"90% - La méthodologie est explicitement détaillée, mais il manque des informations sur l'impact exact de la collecte systématique sur le marquage territorial.",Non,Le titre ne contient pas de déclaration globale de non-invasivité. Le protocole détecté comme invasif n'est pas mentionné dans le titre. Le corps de l'article ne contient pas de phrase indiquant explicitement que le protocole en question est non invasif.
1-s2.0-S1616504714000366-main,Échantillonnage d'ADN non invasif à partir de fèces,Fèces,[],"['We developed a reliable 11 microsatellite multiplex protocol for individual otter identification (...) proving a means of efficient application of non-invasive genetic monitoring of otters from spraints.', 'The genotyping success from fecal samples (43.3%) was similar to other studies carried out with this species (...).', 'As previously reported in the literature (...) we found that genotyping success improves when working with fresh samples, where the 96.4% of the completely genotyped samples were collected within 24 hours of deposition.', 'We obtained DNA from non-invasive sampling of feces.', 'Fecal samples, with two replicates when possible, were stored in sterile 1.5 ml tubes containing 96% vol. ethanol and frozen at -20 °C until processed.']",Non invasif,"Le protocole utilise des échantillons de fèces (spraints) prélevés sur le terrain, ce qui ne nécessite pas de contact direct avec l'animal vivant. De plus, la collecte de ces échantillons est décrite comme non invasive dans la littérature précédente.",[],100% - Les informations fournies sont explicites et permettent une évaluation claire de l'invasivité du protocole.,,
1-s2.0-S1616504714000366-main,Échantillonnage d'ADN environnemental non invasif,ADN environnemental (eDNA),[],['All samples corresponding to otter were individually genotyped using a novel multiplex panel of 11 autosomal microsatellite markers'],Non invasif,"Le protocole utilise l'ADN environnemental (eDNA) qui est considéré comme non invasif car il ne nécessite pas de perturbation de l'habitat ou de manipulation des animaux. Il n'y a pas de mention de capture, de manipulation ou d'utilisation d'appâts.",[],"80% - Justification : La présence du terme 'non-invasive genetic sampling' indique une intention de ne pas perturber les animaux ou leur habitat. Cependant, il manque des détails sur la méthode de prélèvement de l'ADN environnemental.",,
Fitak-2016b,Collecte d'échantillons de tissus et de sang chez les pumas,Tissus et échantillons de sang total,"['Stress pour les animaux', 'Blessures potentielles']","['We collected 520 tissue samples from hunter-harvested pumas', 'We collected whole blood samples from 12 pumas of wild origin via saphenous venipuncture.']",Invasif,"Le protocole implique la collecte de tissus sur des pumas capturés par des chasseurs et un contact direct avec l'animal vivant via saphenous venipuncture, ce qui représente une capture ou manipulation de l'animal vivant.","[1, 3]",100%,Non,Le titre ne contient pas de déclaration globale de non-invasivité. Le protocole détecté comme invasif n'est pas mentionné dans le titre. Le corps de l'article ne contient pas de phrase indiquant explicitement que ce protocole est non invasif.
Ausband_et_al-2015-Animal_Conservation,Échantillonnage de fèces de loups,Fèces,"['Stress pour les animaux capturés et collés', 'Perturbation possible du territoire']","['We used radiotelemetry locations of wolves collared as part of the annual state monitoring efforts to locate and sample rendezvous sites.', 'At occupied or recently occupied sites, we located the activity center and collected scat samples for 3-4 h radiating out from the activity center on trails to ensure we collected scats from all available adults in the pack.']",Invasif,"Le protocole implique la capture et le collage des loups pour localiser les sites de rendez-vous, ce qui est invasif selon le critère 'Contact direct avec l'animal vivant'. De plus, la collecte systématique et exhaustive de fèces sur un territoire occupé ou récemment occupé peut être considérée comme invasive selon le critère 'Invasif - Territory marking' si cela affecte le marquage territorial.","['1', '4']","95% - Les termes utilisés ('collared', 'sample') et la description de la méthode sont clairs et permettent une évaluation solide.",Non,Le titre ne mentionne pas explicitement que le protocole est non invasif. Le corps de l'article ne contient pas de phrase indiquant explicitement que le protocole d'échantillonnage de fèces de loups est non invasif.
Wildlife Society Bulletin - 2013 - Fournier - A morphometric model to predict the sex of virginia rails  Rallus limicola,Échantillonnage de plumes d'oiseaux,Plumes,"['Stress pour les oiseaux capturés', 'Possibilité de blessures lors de la capture']","['We captured adult birds at Ottawa National Wildlife Refuge using live traps based on Kearns et al. (1998) during the springs of 2002-2011.', 'We collected one primary feather from each bird for genetic analysis.', 'We randomly selected a subset of the feathers of live-birds for genetic sex determination.']",Invasif,"Le protocole implique la capture des oiseaux vivants à l'aide de pièges vivants, ce qui entraîne un contact direct avec les animaux vivants et une modification du comportement naturel. Cela remplit deux des critères d'invasivité.","[1, 3]","85% - L'utilisation de plumes naturelles est clairement mentionnée, mais il manque des informations sur la fréquence et l'intensité de l'échantillonnage.",Non,Le titre 'Tools and Technology' ne contient pas de déclaration globale de non-invasivité. Le protocole d'échantillonnage de plumes d'oiseaux est décrit dans l'article mais il n'y a pas de mention explicite ou implicite qu'il est non invasif.
Wildlife Society Bulletin - 2013 - Fournier - A morphometric model to predict the sex of virginia rails  Rallus limicola,Échantillonnage de fèces de mammifères,Fèces,[],['A total of 307 fecal samples were collected from the unhabituated gorilla groups in the Virunga Massif.'],Non invasif,"Les échantillons de fèces ont été collectés à partir de sites de nidification multiples sans capture ou manipulation des animaux. La collecte a eu lieu dans des groupes non habitués, ce qui indique que les gorilles n'ont pas été perturbés par la présence humaine régulière.",['1'],95% - Les informations fournies sont claires et permettent une évaluation solide de la non-invasivité du protocole.,,
Improving DNA quality extracted from fecal samples-a method to improve DNA yield,Collecte et extraction d'ADN à partir de fèces,Fèces,"['Stress potentiellement causé aux animaux lors de la collecte des fèces.', 'Impact sur le marquage territorial si les fèces sont collectées de manière systématique ou exhaustive.']","['The large size and the nonpellet form of the feces, on which is necessary to select a region of the outer surface for the extraction process.', 'Equus africanus samples were stored for 2-3 years at room temperature but were dried immediately after collection; Equus hemionus samples were also dried immediately after collection and stored for 6 months at room temperature; Equus kiang samples were collected in the winter and were dried upon arrival at the laboratory, where they were dried and stored for 6 months at room temperature before the DNA extraction.', 'Superficial portions of the stool samples were removed using a sterile scalpel']",Invasif,"Le protocole implique la collecte de fèces, qui peut être considérée comme invasive si elle est effectuée de manière systématique ou exhaustive. Dans ce cas, les échantillons ont été séchés et stockés après avoir été collectés, ce qui indique une collecte intentionnelle plutôt qu'opportuniste.","[2, 4]",85% - La méthodologie est détaillée mais il manque des informations sur la fréquence et l'exhaustivité de la collecte.,Non,"Le titre de l'article ne mentionne pas explicitement que le protocole est non invasif. De plus, dans le corps de l'article, il n'y a aucune phrase indiquant explicitement que ce protocole est non invasif."
Improving DNA quality extracted from fecal samples-a method to improve DNA yield,Préparation d'échantillons à partir de tubes centrifugés,Supernatant de centrifugation,[],['The tubes were centrifuged at 4000 rpm for 3 min. The supernatant was transferred to a new 15-ml tube leaving any solids behind.'],Non invasif,"Le protocole décrit une méthode de préparation d'échantillons à partir de tubes centrifugés, sans mentionner la collecte ou la manipulation d'animaux vivants. Il n'y a pas de mots-clés indiquant une perturbation significative de l'habitat ou l'utilisation d'appâts.",[],100% - La méthodologie est explicitement décrite et ne mentionne pas d'interactions avec des animaux vivants.,,
Improving DNA quality extracted from fecal samples-a method to improve DNA yield,Mesures de stérilisation,Non applicable,['Contamination croisée entre étapes'],"['All procedures were carried out in a laminar flow chamber', 'All the equipment used were sterilized with bleach and exposed to UV light before and after usage.']",Invasif,"Le protocole mentionne la stérilisation de l'équipement avec du javelle et une exposition aux UV avant et après usage, ce qui indique un contact direct avec les échantillons.",[1],90%,Non,Le titre de l'article ne contient pas de déclaration globale de non-invasivité. Le protocole détecté comme invasif n'est pas mentionné dans le titre. Le corps de l'article ne contient pas de phrase indiquant explicitement que ce protocole est non invasif.
BiffiWilliams2017,Collecte de fèces dans des bateaux,Fèces,"['Perturbation du comportement naturel', 'Impact sur le territoire']","['We collected feces inside the recreational boats anchored in front of the club.', 'Feces were collected in all three sites but due to their proximity (less than 5 km apart) we merged the sites in this area since Medina-Vogel et al. (2007) determined the home ranges of marine otters were from 1.4 to 4.1 km of seashore.']",Invasif,"Le protocole implique la collecte de fèces dans des bateaux où les otaries marines se trouvent régulièrement, ce qui peut perturber leur comportement naturel. De plus, la collecte est effectuée sur l'ensemble des sites à moins de 5 km les uns des autres, ce qui pourrait affecter le territoire des animaux.",[1],95% - Les informations sont claires et permettent une évaluation précise de l'invasivité du protocole.,Non,Le titre de l'article mentionne 'Use of non-invasive techniques' mais ne spécifie pas que la collecte de fèces dans des bateaux est une technique non invasive. Il n'y a aucune phrase explicite ou implicite dans le corps de l'article qui indique que ce protocole est non invasif.
Turner_2015_BiolCons_eDNA_sediment,Collecte d'échantillons non invasifs,"Eau, sédiments, fèces, urine et salive","[""Perturbation mineure de l'habitat due à la collecte de sédiments""]","['Our results provide guidelines and suggestions for studies using scat, urine and saliva samples as noninvasive wolf DNA sources.', 'Selecting samples with the mentioned characteristics will avail to achieve higher success rates in species and individual identification.', 'Water samples were collected following the protocol described by Ficetola et al. (2008). We submerged a sterile 50-mL centrifuge tube slightly below the water surface, allowing it to fill with 15 mL of surface water...', 'Sediment samples were collected using Wildco hand corers and Wildco K-B corers with 5 cm internal diameter, 51 cm long stainless steel core tubes. We collected three samples along an approximate transect across the pond or river.', 'We collected and filtered five 2 L water samples from the three partially filled ponds following the protocol of Jerde et al. (2013).', 'Aqueous eDNA was extracted following Jerde et al. (2013)']",Non invasif,"La collecte d'eau de surface et de sédiments à l'aide de tubes stériles et de coringues ne nécessite pas de contact direct avec les animaux vivants, ni leur capture ou manipulation. La collecte est faite sur un transect approximatif, ce qui réduit l'impact sur l'habitat. Le protocole décrit la collecte d'eDNA dans l'eau à partir de trois étangs partiellement remplis, sans mentionner la capture ou la manipulation des animaux. La méthode utilisée suit le protocole de Jerde et al. (2013), ce qui indique une approche non invasive.",[],"85% - Justification : La méthodologie est détaillée, mais il manque des informations sur la fréquence et l'intensité de l'échantillonnage.",,
Turner_2015_BiolCons_eDNA_sediment,Collecte de poils invasifs,Poils,['Modification du comportement naturel'],['Hair snares on baited rub stations consisted of hair collection structures and scent lures (Kendall and Mckelvey 2008)'],Invasif,"L'utilisation d'appâts (scent lures) modifie le comportement naturel des animaux, ce qui est un critère d'invasivité.",[2],100%,Non,"L'article ne contient pas de déclaration explicite ou implicite indiquant que la collecte de poils invasifs est non invasive. Au contraire, le protocole est décrit comme utilisant des appâts et des structures de collecte de poils, ce qui suggère une certaine intervention humaine."
Estimating fish abundance and biomass from eDNA concentrations variability among capture methods and,Echantillonnage d'ADN chez le Brook Charr,Eau,"['Stress pour les poissons', ""Perturbation de l'habitat""]","['Brook Charr fingerlings were placed in aquaria at two different temperatures whereby 15 aquaria (...) were kept at 7 °C and 15 others at 14 °C', 'Fish were then removed prior to water collection using sterile instruments, and the water has been rapidly collected']",Invasif,"Le protocole implique la manipulation des poissons (Fish were then removed) et l'utilisation d'instruments stériles, ce qui indique une perturbation de l'habitat.",[3],100% - La méthodologie est explicitement détaillée.,Non,Le titre ne contient pas de déclaration globale de non-invasivité. Le protocole détecté comme invasif n'est pas mentionné dans le titre. Le corps de l'article ne contient pas de phrase indiquant explicitement que ce protocole est non invasif.
Molecular Ecology Resources - 2014 - Kraus - A single‐nucleotide polymorphism‐based approach for rapid and cost‐effective,Extraction d'ADN à partir de différents types d'échantillons,"Scat, ADN issu de tissu ou sang","[""Stress pour l'animal"", 'Perturbation du territoire', 'Stress pour les animaux', 'Blessures potentielles']","['DNA was extracted from several sample types: tissue (N = 25), blood (N = 14), scat (N = 87), saliva (freshly collected, N = 11, and collected from wounds of kills, N = 1), urine/snow mixture (N = 10), urine stains with oestrus blood (N = 4) and hair (N = 6) samples.', 'Across all four genotyping treatments and for every SNP, we curated cluster plots manually in a combined analysis of all 277 samples in the Fluidigm SNP GENOTYPING ANALYSIS SOFTWARE V3.1.2.']",Invasif,"La collecte de fèces est invasive car elle implique un contact direct avec l'animal vivant ou son environnement. Le protocole implique la collecte d'ADN à partir de tissu ou de sang, ce qui nécessite la capture et la manipulation des animaux.","['1', '3']",95% car la méthodologie est explicitement détaillée et les termes utilisés sont clairs.,Non,"Le titre de l'article mentionne explicitement que les échantillons utilisés sont des échantillons prélevés sans invasion, mais il ne précise pas si tous les protocoles d'extraction d'ADN décrits dans le corps de l'article sont non invasifs. Il n'y a pas de déclaration explicite ou implicite dans le texte indiquant que le protocole spécifique détecté comme invasif est non invasif."
Development and application of a molecular sexing protocol in the climate change-sensitive American,Collecte d'échantillons de fèces,Fèces,"[""Stress pour l'animal"", 'Blessures potentielles']","['Traditional methods for sampling mammals include livetrapping, tagging, and morphological sexing prior to release', 'During January-April 2012 a total of 85 faecal samples were collected']",Invasif,"Le protocole utilise des méthodes invasives telles que le piégeage et la capture pour échantillonner les mammifères. La collecte de fèces est décrite comme opportuniste, ce qui indique qu'elle n'a pas été effectuée de manière systématique ou exhaustive. Il n'y a pas de mention de capture ou de manipulation d'animaux.","['1', '2']",70% - Implicite fort,Non,Le titre ne mentionne pas explicitement que le protocole est non invasif. Le corps de l'article ne contient pas de phrase indiquant explicitement que la collecte d'échantillons de fèces est non invasive.
Development and application of a molecular sexing protocol in the climate change-sensitive American,Collecte d'échantillons de cheveux,Cheveux,"[""Stress pour l'animal"", 'Blessures potentielles']","['The assay was repeated twice for each sample; in cases of incongruence, a third replicate was performed and a majority rule was applied.', 'This method was also applied to 12 hair samples collected from livetrapped individuals during an independent study of American pikas in British Columbia']",Invasif,"Le protocole implique la capture des individus pour prélever les échantillons de cheveux, ce qui est considéré comme invasif selon les critères définis.",[3],100% - La méthodologie est explicitement détaillée.,Non,Le titre ne mentionne pas explicitement que le protocole est non invasif. Le corps de l'article ne contient pas de phrase indiquant explicitement que la collecte d'échantillons de cheveux est non invasive.
cm2015000070,Échantillonnage sanguin chez Macaca fascicularis,Sang,"['Stress pour les animaux', 'Blessures potentielles']","['Blood sampling and serum separation. The study animals (Macaca fascicularis) were bred and maintained at Tsukuba Primate Research Center.', 'For blood sampling, each dam was anesthetized by using ketamine hydrochloride [...] Blood (2 to 5 mL) was collected by syringe from pregnant monkeys during weeks 5, 12, and 22 of gestation.']",Invasif,"Le protocole implique l'anesthésie et la capture des animaux pour prélever du sang, ce qui cause du stress et potentiellement des blessures.",['3'],100%,Non,Le titre ne contient pas de déclaration globale de non-invasivité. Le protocole d'échantillonnage sanguin est décrit comme invasif dans le corps de l'article.
cm2015000070,Obtention de l'ADN génomique mâle chez les mammifères,ADN génomique mâle,[],['We obtained the recombinant SRY gene and Y chromosome-specific sequence DYS14 by using male genomic DNA as PCR template.'],Non invasif,"L'utilisation d'ADN génomique mâle comme matrice PCR ne nécessite pas de contact direct avec l'animal vivant, ni capture ou manipulation de l'animal vivant. Il n'y a pas non plus de modification du comportement naturel ou de perturbation significative de l'habitat.",[],"80% - Justification : La méthodologie est implicitement forte car il y a des éléments permettant une déduction solide, mais il manque des informations critiques sur la manière dont l'ADN génomique mâle a été obtenu.",,
Aquatic Conservation - 2017 - Carlsson - A qPCR MGB probe based eDNA assay for European freshwater pearl mussel,Collecte d'échantillons d'eau,Echantillons d'eau,[],"['Water samples were collected in sterile 3 L PET bottles from five locations...', 'For locations 2-4, where the presence of M. margaritifera had been confirmed, samples were collected directly below the most downstream M. margaritifera patch in each location.', 'The use of eDNA is based on interrogating environmental samples such as soil or water for the presence of DNA of target species without the need for direct sampling of individuals', 'as such represents a non-invasive sampling method well suited for rare or threatened species']",Non invasif,"Le protocole décrit la collecte d'échantillons d'eau sans perturbation de l'habitat ou manipulation des animaux. Les échantillons sont prélevés directement en dessous des zones où les poissons ont été confirmés, mais il n'y a pas de capture ou de manipulation des animaux. L'utilisation de l'ADN environnemental (eDNA) consiste à prélever des échantillons d'eau ou de sol sans perturbation directe des animaux, ce qui correspond à une méthode non invasive.",[],"80% - La méthodologie est détaillée, mais il manque des informations sur la fréquence et l'exhaustivité de l'échantillonnage.",,
Aquatic Conservation - 2017 - Carlsson - A qPCR MGB probe based eDNA assay for European freshwater pearl mussel,Extraction d'ADN à partir d'un échantillon de tissu,Échantillon de tissu,"[""Stress pour l'animal"", 'Blessures potentielles']",['Total DNA was extracted from the tissue sample using the Qiagen Dneasy kit'],Invasif,"Le protocole implique l'utilisation d'un échantillon de tissu, ce qui nécessite la capture ou la manipulation de l'animal vivant. Cela remplit le critère d'invasivité 'Contact direct avec l'animal vivant'.",[3],100% - La méthodologie est explicitement détaillée.,Non,Le titre de l'article mentionne 'eDNA assay' mais ne fait pas de déclaration globale de non-invasivité. Le corps de l'article ne contient pas de phrase indiquant explicitement que le protocole d'extraction d'ADN à partir d'un échantillon de tissu est non invasif.
URSUS-D-14-00020.1,Collecte d'ADN à partir de fèces et poils d'ours andins,Fèces et poils,"['Stress animalier', ""Déplacement d'animaux""]","['We collected feces and hair samples during 2 periods using different sampling methods and storage conditions.', 'In 1993, 3 samples (2 fecal and 1 hair sample) were collected by Dr. A. Canedi.', 'Remaining samples were collected by our team between 2006 and 2008 using systematic surveys of the Yungas Biosphere Reserve... We searched for bear scat and hair on foot or by horseback, and occasionally used tracking dogs.', 'We collected samples that appeared to be Andean bear feces or hair (Fig. 2) and stored them in 15-mL or 50-mL tubes containing 10-g or 20-g silica gel beads, respectively.']",Invasif,"Le protocole mentionne l'utilisation de méthodes systématiques pour collecter les échantillons, ce qui peut perturber le comportement naturel des animaux. De plus, l'utilisation de chiens de pistage indique une manipulation directe des animaux.",[],85% - Les termes utilisés dans le protocole sont explicites et permettent une déduction solide.,Non,Le titre ne contient pas de déclaration globale de non-invasivité. Le protocole détecté comme invasif n'est pas mentionné dans le titre. Le corps de l'article ne contient pas de phrase indiquant explicitement que ce protocole est non invasif.
URSUS-D-14-00020.1,Analyse d'ADN environnemental à partir de fèces et poils d'ours andins,Fèces et poils,[],['We developed a cytochrome b-based assay to determine the taxonomic identity of environmental DNA present in feces and hair thought to be of the Andean bear.'],Non invasif,"Le protocole décrit l'analyse d'ADN environnemental présent dans les fèces et les poils, qui sont considérés comme des échantillons non invasifs selon la définition de Taberlet et al. (1999). Il n'y a pas de mention de capture ou de manipulation des animaux.",[],"80% - L'évaluation est basée sur l'analyse de l'extrait pertinent, mais il manque des informations sur la méthode de collecte des échantillons.",,
Cullingham-Populationstructuredispersal-2016,Collecte d'échantillons chez les mammifères,"Cheveux, fèces et sang dans la neige",['Stress pour les animaux manipulés'],"['Samples were collected between 1990 and 2005 noninvasively (hair, scat, and blood in snow) or by handling live animals (hair and blood) and wolf carcasses (muscle or skin tissue; Fig. 1).']",Invasif,"Le protocole mentionne explicitement la collecte d'échantillons en manipulant des animaux vivants (hair and blood), ce qui remplit le critère d'invasivité 'Contact direct avec l'animal vivant'.",['3'],100% - La méthodologie est explicitement détaillée.,Non,Le titre ne contient pas de déclaration globale de non-invasivité. Le protocole détecté comme invasif n'est pas mentionné dans le titre. Le corps de l'article ne contient pas de phrase indiquant explicitement que ce protocole est non invasif.
Cullingham-Populationstructuredispersal-2016,Collecte d'écailles chez les reptiles,Écailles,"['Stress pour les animaux', 'Blessures potentielles']","['Twelve rattlesnakes were captured in the Okanagan Valley', 'Three ventral scutes were clipped from each animal']",Invasif,"Le protocole implique la capture et la manipulation directe des animaux vivants, ce qui remplit le critère d'invasivité 'Contact direct avec l'animal vivant'. De plus, il y a une modification du comportement naturel des serpents en étant capturés et manipulés.",[3],100% - La méthodologie est explicitement détaillée et utilise des termes clairs.,Non,Le titre ne contient pas de déclaration globale de non-invasivité. Le protocole de collecte d'écailles chez les reptiles n'est pas mentionné dans le titre et il n'y a pas de phrase indiquant explicitement que ce protocole est non invasif dans le corps de l'article.
Cullingham-Populationstructuredispersal-2016,Collecte de fèces chez les oiseaux,Fèces,"[""Stress pour l'oiseau"", 'Blessures potentielles']",['We captured adult birds on the ground or in burrows by hand'],Invasif,"Le protocole implique la capture manuelle des oiseaux adultes au sol ou dans les terriers, ce qui entraîne un contact direct avec l'animal vivant et une modification de son comportement naturel.",['3'],100%,Non,"Le titre ne mentionne pas explicitement que la collecte de fèces chez les oiseaux est non invasive. De plus, le corps de l'article ne contient aucune phrase indiquant explicitement que ce protocole est non invasif."
Cullingham-Populationstructuredispersal-2016,Collecte de fèces et poils chez les mammifères,Fèces et poils,[],"['Scat samples were amplified and genotyped in a minimum of 7 replicates, hair in 5 replicates, and blood and tissue samples in duplicate.']",Non invasif,"La collecte de fèces est décrite comme étant effectuée en replicates, ce qui indique une approche opportuniste et non systématique. De plus, il n'y a pas mention de capture ou de manipulation des animaux.",[],70% - Implicite fort,,
Wildlife Society Bulletin - 2013 - Kilpatrick - Comparison of live‐trapping and noninvasive genetic sampling to assess,Échantillonnage d'ADN chez les mammifères,Tissu/Fèces,"['Stress pour les animaux', 'Blessures potentielles', ""Perturbation de l'habitat""]","['Future investigations using molecular sexing and individual identification might be warranted to investigate these potential sex-related biases.', 'Cost per sample to collect and analyze DNA was 13 times higher for tissue samples collected via live-trapping compared to noninvasive fecal sampling.', 'Labor required to sample 5 sites was 27 times higher for collecting tissue samples compared to fecal samples.', 'Number of samples collected per day of effort was 40 for fecal samples and 0.7 for tissue samples.', 'We captured cottontails using Havahart (Woodstream Corp., Lititz, PA) and Tomahawk (Tomahawk Live Trap, Hazelhurst, WI) single-door spring-loaded live-traps (81 cm × 25 cm × 31 cm).', 'This approach requires livetrapping cottontails', 'Fecal DNA analysis requires collecting pellets during winter on fresh snow']",Invasif,"Le protocole implique la capture des animaux à l'aide de pièges, ce qui entraîne un contact direct avec les animaux vivants et une modification de leur comportement naturel. La collecte systématique de leurs fèces pendant l'hiver peut également affecter leur comportement naturel et perturber leur habitat.","[1, 3]",100% - La méthodologie est explicitement détaillée.,Non,"Le titre de l'article mentionne explicitement la comparaison entre deux méthodes, dont l'une est le piégeage vivant (live-trapping), qui est considérée comme invasive. Il n'y a pas de déclaration explicite ou implicite dans le corps de l'article indiquant que cette méthode est non invasive."
Wildlife Society Bulletin - June 2016 - Piaggio - A noninvasive method to detect Mexican wolves and estimate abundance,Évaluation de la faisabilité de générer des estimations de population d' loups mexicains menacés à l'aide d'ADN non invasif combiné avec des méthodes de marquage et de recapture,Fèces,"['Perturbation du comportement naturel', 'Impact sur le marquage territorial']","[""Pour évaluer la faisabilité de générer des estimations de population d'loups mexicains menacés à l'aide d'ADN non invasif (fèces) combiné avec des méthodes de marquage et de recapture"", ""Nous avons identifié les échantillons de fèces de loups mexicains en détectant la présence ou l'absence d'un ensemble d'allocymes que nous avons caractérisés comme uniques aux loups mexicains. Pour collecter les échantillons de fèces de loups mexicains, nous avons établi 8 transects de 60 km sur les routes du service des forêts des États-Unis car les loups se déplacent le long des routes existantes, des sentiers et des voies d'eau et déposent souvent leurs fèces le long de ces parcours. Les transects étaient praticables en véhicules tout-terrain à haute garde au sol."", ""Le génotypage non invasif des individus à partir de l'ADN fécal a été utilisé avec succès pour générer des estimations de population par marquage-recapture de divers canidés sauvages nord-américains""]",Invasif,"Le protocole implique la collecte systématique et exhaustive de fèces sur des transects, ce qui peut affecter le comportement naturel des animaux.",[1],90%,Non,"Le titre 'Tools and Technology' ne contient pas de déclaration globale de non-invasivité. Le protocole détecté comme invasif n'est pas mentionné dans le titre. Dans le corps de l'article, il est explicitement indiqué que le génotypage non invasif des individus à partir de l'ADN fécal a été utilisé avec succès pour générer des estimations de population par marquage-recapture de divers canidés sauvages nord-américains, mais cela ne s'applique pas spécifiquement au protocole détecté comme invasif."
Wildlife Society Bulletin - June 2016 - Piaggio - A noninvasive method to detect Mexican wolves and estimate abundance,"Différentes sources d'échantillons ont été testées telles que les tissus récupérés sur des carcasses, les poils, le sang, la salive et les fèces","Tissus récupérés sur des carcasses, poils, sang, salive et fèces",['Impact potentiel sur le bien-être animal'],"['Different sample sources were tested such as tissue recovered from carcasses, hair, blood, saliva and feces (Table 1).']",Invasif,"Le protocole implique la récupération de tissus sur des carcasses, ce qui nécessite un contact direct avec l'animal mort et peut être considéré comme invasif selon les critères définis.",[3],100%,Non,Le titre ne mentionne pas explicitement que le protocole est non invasif. Le corps de l'article ne contient pas de phrase indiquant explicitement que ce protocole est non invasif.
Modeling the effects of dispersal and patch size on predicted fisher (Pekania [Martes] pennanti) dis,Sampling of fisher DNA using hair snares,Hair snares,"['Stress for animals', 'Potential injuries']","['We used non-invasive genetic sampling to survey for fisher presence across the study area (Zielinski et al., 2006;Kendall and McKelvey, 2008). Several different sampling designs were used to deploy hair snares. The majority of hair snares were deployed across a grid consisting of 5 by 5 mile cells, with approximately 4 snares per grid cell.']",Invasif,"The protocol involves the use of hair snares to collect samples of hairs, which can be considered invasive according to the criteria of invasiveness as it implies direct contact with the living animal and modification of natural behavior.",['3'],100%,Non,Le titre ne contient pas de déclaration globale de non-invasivité. Le protocole détecté comme invasif n'est pas mentionné dans le titre. Le corps de l'article ne contient pas de phrase indiquant explicitement que le protocole en question est non invasif.
Lack of sex-biased dispersal promotes fine-scale genetic structure in alpine ungulates,Collecte d'ADN à partir de fèces,Fèces,['Perturbation du marquage territorial'],"['We collected fresh feces in late summer 2007-2009 (...) to collect samples.', 'Each year fecal samples were collected from randomly selected 50 km 2 grid cells (...) to uniformly distribute samples across the landscape (Schwartz and McKelvey 2008).', 'We sampled from one sheep group per selected grid cell, and collected samples from 1 to 3 adults per group identified as isolated piles of large-sized pellets.', 'DNA from fecal samples was extracted']",Invasif,"Le protocole implique la collecte de fèces, qui est considérée comme invasive si elle est effectuée de manière systématique et exhaustive sur le même territoire. La collecte est réalisée sur des cellules de grille de 50 km² sélectionnées aléatoirement chaque année pour répartir uniformément les échantillons dans le paysage, ce qui indique une approche systématique.",[1],95% - La méthodologie est détaillée et les termes utilisés sont clairs.,Non,Le titre ne contient pas de déclaration globale de non-invasivité. Le protocole de collecte d'ADN à partir de fèces est décrit mais il n'y a pas de mention explicite ou implicite qu'il est non invasif dans le corps de l'article.
Molecular Ecology Resources - 2013 - DeMay - Evaluating DNA degradation rates in faecal pellets of the endangered pygmy,Echantillonnage de fèces pour suivi génétique non invasif des lapins nains,Fèces,[],"['This pilot study demonstrated that noninvasive genetic monitoring for pygmy rabbits is possible under summer field conditions', 'Sampling faecal pellets will allow continued monitoring of the movements of individual rabbits without periodic recapture to reapply radiotransmitters, and such methods will allow monitoring range expansion as more rabbits are released.', 'We extracted DNA from four pellets per sample']",Non invasif,"Le protocole mentionne explicitement l'utilisation de la collecte de fèces pour un suivi génétique non invasif des lapins nains. Il n'y a pas de capture ou manipulation directe des animaux, et les échantillons sont abandonnés naturellement.",[],90% - La méthodologie est explicitement détaillée et correspond à une approche non invasive.,,
Molecular Ecology Resources - 2015 - Mumma - Evaluating noninvasive genetic sampling techniques to estimate large carnivore,Collecte d'échantillons de fèces et de cheveux,Fèces et cheveux,[],"['Scat detection dogs located 185 and 193 samples in the LP and NP', 'Eighteen hair samples were collected in the LP']",Non invasif,La collecte de fèces et de cheveux est considérée comme non invasive car elle ne nécessite pas de contact direct avec l'animal vivant et n'affecte pas le comportement naturel ni l'habitat.,[],"80% - La méthode est décrite comme opportuniste, mais il manque des informations sur la fréquence de l'échantillonnage.",,
ramalho_et_al_mammalia2014,Collecte de fèces de loups à crinière,Fèces,"['Perturbation du comportement naturel', ""Impact potentiel sur l'habitat""]","[""Entre octobre 2008 et décembre 2009, nous avons mené des expéditions de terrain de deux jours une fois par mois à l'intérieur et autour de la JES. Cette zone protégée est traversée par des routes en terre sur toute son étendue. Lors de chaque expédition, nous avons cherché des fèces sur les routes en terre à l'intérieur et autour de la JES, couvrant environ 200 km de routes."", 'Sur la base des traces et du diamètre/morphologie des fèces (Dalponte 1997, Chame 2003), nous avons collecté 41 échantillons de fèces distincts de loups à crinière']",Invasif,"La collecte de fèces est effectuée sur une base systématique, ce qui peut affecter le comportement naturel des animaux et perturber leur habitat.",[],"85% - Les termes utilisés dans le protocole indiquent une collecte systématique, mais il manque des informations sur la fréquence et l'intensité de l'échantillonnage.",Non,Le titre ne contient pas de déclaration globale de non-invasivité. Le protocole détecté comme invasif n'est pas mentionné dans le titre. Le corps de l'article ne contient pas de phrase indiquant explicitement que la collecte de fèces de loups à crinière est non invasive.
Molecular species identification for multiple carnivores,"Echantillonnage d'ADN à partir de cheveux, fèces et échantillons de sang/tissus","Cheveux, fèces et échantillons de sang/tissus","['Stress pour les animaux', 'Blessures potentielles']","['We validated the method on 274 known hair (n = 60), fecal (n = 115), and blood/tissue samples (n = 99) of 21 wild carnivores from five families Samples were preserved in 95 % ethanol.', 'species identification of hair, feces, saliva or degraded tissue samples']",Invasif,"Le protocole implique la collecte de fèces et d'échantillons de sang/tissus, ce qui nécessite un contact direct avec l'animal vivant ou sa capture/manipulation. Cela remplit le critère d'invasivité 'Contact direct avec l'animal vivant' ou 'Capture ou manipulation de l'animal vivant'.",[1],95% - La méthodologie est explicitement détaillée dans le texte.,Non,Le titre ne contient pas de déclaration globale de non-invasivité. Le protocole d'échantillonnage détecté comme invasif n'est pas mentionné dans le titre. Le corps de l'article ne contient pas de phrase indiquant explicitement que ce protocole est non invasif.
SCHMIDT_et_al-2016-Integrative_Zoology,Échantillonnage d'ADN chez les lynx,Sang et poils,"['Stress pour les animaux capturés', 'Blessures potentielles causées par les pièges']","['We collected data on lynx spatial distribution by two supplementary methods: live-trapping for the telemetry monitoring and genotyping of hair samples obtained by hair-trapping', 'Five male and six female lynx were live-trapped using either foot-snare traps', 'Blood samples (1 ml) for genetic analyses were drawn from a radial vein with an EDTA vacutainer, and stored frozen at -20°C.', 'Six radio-tracked lynx were also monitored genetically by hair-sampling']",Invasif,"Le protocole implique la capture des lynx (live-trapped) et la manipulation pour prélever les échantillons de sang (drawn from a radial vein), ce qui remplit deux critères d'invasivité : contact direct avec l'animal vivant et capture ou manipulation de l'animal vivant.","[1, 3]",100% - La méthodologie est explicitement détaillée et utilise des termes clairs.,Non,Le titre ne contient pas de déclaration globale de non-invasivité. Le protocole détecté comme invasif n'est pas mentionné dans le titre. Le corps de l'article ne contient pas de phrase indiquant explicitement que ce protocole est non invasif.
SCHMIDT_et_al-2016-Integrative_Zoology,Échantillonnage d'ADN chez les lynx,Cheveux (hair),"['Stress pour les animaux', 'Blessures potentielles']","['In total, 349 lynx-hair samples were collected during the study.', 'We analysed 11 blood samples collected from live-trapped lynx.']",Invasif,"Le protocole implique la capture et la manipulation des animaux vivants pour prélever les échantillons de sang, ce qui remplit le critère d'invasivité 'Contact direct avec l'animal vivant'.",[3],100% - La méthodologie est explicitement détaillée.,Non,"Le titre ne contient pas de déclaration globale de non-invasivité. Le protocole d'échantillonnage d'ADN chez les lynx n'est pas présenté dans le titre comme non invasif. Dans le corps de l'article, il n'y a pas de phrase indiquant explicitement que ce protocole est non invasif."
SCHMIDT_et_al-2016-Integrative_Zoology,Échantillonnage d'ADN chez les lynx,Cheveux,"['Stress pour les animaux capturés', 'Perturbation du comportement naturel']",['We identified twenty eight lynx individuals (...) by genotyping either the live-captured and radio-tracked lynx (...) or hair-trapped samples (...).'],Invasif,"Le protocole implique la capture et le suivi radio des lynx, ce qui représente un contact direct avec l'animal vivant et une modification de son comportement naturel.",[3],100%,Non,"Le titre ne contient pas de déclaration globale de non-invasivité. Le protocole d'échantillonnage d'ADN chez les lynx est mentionné dans le corps de l'article comme ayant été utilisé pour identifier des individus, mais il n'y a aucune phrase indiquant explicitement que ce protocole est non invasif."
DeMay_etal_2015,Collecte de fèces pour analyse génétique,Fèces,['Perturbation du comportement naturel des animaux'],"['During December 2012 and January 2013, after fresh snowfall, we conducted surveys on and around the release sites to locate active burrows and collect fecal pellets for genetic analysis.', 'We collected fecal pellet samples from the snow surface and ! 4 pellets/sample were collected when possible to ensure an adequate amount of DNA for analysis.', 'During winter, we surveyed for rabbit sign around the release site and collected 117 fecal samples for genetic analysis.']",Invasif,"Le protocole implique la collecte de fèces, ce qui peut être considéré comme invasif selon les critères spécifiques aux mammifères. La collecte est dépendante de la neige et n'est pas opportuniste ou ponctuelle. Il n'y a pas de mention de l'utilisation d'appâts ou leurres.",[1],85% - Les termes utilisés dans le protocole sont explicites et permettent une déduction solide.,Non,Le titre de l'article ne contient pas de déclaration globale de non-invasivité. Le protocole détecté comme invasif n'est pas présenté dans le titre comme non invasif. Le corps de l'article ne contient pas de phrase indiquant explicitement que la collecte de fèces pour analyse génétique est non invasive.
Rocha_etal2015,Collecte de pellets d'effraie,Pellets d'effraie,[],"['Barn owl pellets were collected in two different areas of the mid-Araguaia River in central Brazil in 2007 and 2008', 'We extracted DNA from bones found in Barn owl pellets']",Non invasif,"Les pellets sont des excréments naturels abandonnés par les oiseaux, ce qui correspond à une méthode non invasive selon la définition de Taberlet et al. (1999). Il n'y a pas de mention de capture ou de manipulation d'oiseaux, ni d'utilisation d'appâts ou leurres.",[],80% - La méthodologie est implicitement forte car elle est basée sur des éléments permettant une déduction solide.,,
Leroneetal_2014_NGSprotocols_Lutra_Acceptedtosend,Collecte d'échantillons de fèces,Fèces (spraints),"[""Stress pour l'animal"", 'Perturbation du marquage territorial']","['Spraints and anal jellies were collected along the Sangro River and its main tributaries.', 'Despite the fact that temperature could be a critical issue for DNA degradation (Hájková et al. 2006), we decided to collect samples during the warm period as most of the marking sites were unreachable during winter.', 'Sites were then checked daily until fresh samples were collected within 24 hours of deposition.']",Invasif,"La collecte quotidienne de fèces est une indication d'invasivité selon les règles spécifiques aux mammifères. La collecte est décrite comme étant le long de la rivière et de ses principaux affluents, ce qui suggère une collecte opportuniste plutôt qu'une collecte systématique ou exhaustive. Il n'y a pas de mention de capture ou de manipulation des animaux.",[2],70% - Implicite fort,Non,"Le titre de l'article mentionne explicitement que les échantillons sont non-invasifs, mais il ne précise pas spécifiquement la méthode de collecte des fèces. Le corps de l'article ne contient aucune déclaration explicite ou implicite sur la non-invasivité de cette méthode."
Ciucci-Estimatingabundanceremnant-2015,Échantillonnage de poils,Poils,"['Stress pour les animaux', ""Perturbation de l'habitat""]","['We installed hair traps on 97 of them from June to September 2011', 'At each buckthorn site, we constructed 1-4 peripheral hair traps by encircling cohesive buckthorn aggregations with double-stranded barbed wire at 30 and 50 cm high to make cubs accessible to sampling.', 'We concurrently adopted 4 noninvasive sampling methods to collect bear hair for genetic analysis. We used traditional hair-trap sampling (Wood et al. 1999) as a primary sampling method.']",Invasif,"Le protocole implique la construction de pièges à poils et leur installation sur les arbustes, ce qui représente un contact direct avec l'animal vivant et une modification du comportement naturel. Cependant, il est également mentionné que des méthodes d'échantillonnage non invasives ont été utilisées pour collecter des poils d'ours.",[],80% - La méthodologie est explicitement détaillée mais il manque des informations sur la manière dont les échantillons ont été prélevés une fois que les pièges ont été installés.,Non,"Le titre de l'article mentionne explicitement 'noninvasive genetic data sources', mais il n'y a pas de déclaration explicite ou implicite dans le corps de l'article concernant la non-invasivité du protocole d'échantillonnage de poils."
Wilton-Spatiotemporalfactorsaffecting-2016,Collecte d'échantillons de poils chez les ours noirs,Poils,"['Stress pour les animaux', 'Blessures potentielles', 'Modification du comportement naturel']","[""Nous avons collecté des échantillons de poils d'ours noirs à l'aide de pièges à poils en fil barbelé"", ""Nous avons capturé des ours à l'aide de pièges Aldrich et enregistré le sexe avant de prélever des échantillons de poils et de tissu pour la génotypage microsatellite."", ""Nous avons également prédit que la collecte d'échantillons de poils augmenterait avec la fréquence de visite des ours aux pièges à poils.""]",Invasif,"Le protocole implique la capture des ours et l'utilisation de leurres pour augmenter le rendement des pièges à poils, ce qui modifie le comportement naturel des ours.","[3, 2]",100%,Non,"Le titre de l'article mentionne explicitement 'noninvasive capture-recapture surveys', mais il ne précise pas que la collecte d'échantillons de poils chez les ours noirs est non invasive. Il n'y a pas de phrase dans le corps de l'article qui indique explicitement que ce protocole est non invasif."
American J Primatol - 2013 - Müller - Towards the non‐invasive assessment of MHC genotype in wild primates  Analysis of,Collecte d'échantillons de fèces chez les macaques Assamese,Fèces,[],['Fecal samples were available from 64 Assamese macaques'],Non invasif,"Les échantillons de fèces étaient disponibles, ce qui indique qu'ils ont été collectés sans capture ou manipulation des animaux. Il n'y a pas de mention de collecte systématique ou exhaustive.",[],70% - Implicite fort,,
American J Primatol - 2013 - Müller - Towards the non‐invasive assessment of MHC genotype in wild primates  Analysis of,Extraction d'ADN à partir d'un échantillon non spécifié,Non spécifié,[],"[""We extracted two independent samples per individual with the All-tissue DNA-Kit (Gen-Ial) following manufacturer's instructions.""]",Non invasif,"Le protocole mentionne l'utilisation de deux échantillons indépendants par individu, ce qui suggère que les échantillons sont prélevés sans contact direct avec l'animal vivant et sans perturbation du comportement naturel.",[],70% - Implicite fort,,
15081109ACC2015.17.2.005,Sampling of Mammal Tissue and Guano,Tissus et Guano (fèces),"['Stress pour les chauves-souris', 'Blessures potentielles causées par les pièges', ""Perturbation de l'habitat"", 'Modification du comportement naturel']","['We sampled eight populations...', 'Tissue samples were stored in microcentrifuge tubes containing 95% ethanol and kept at room temperature for short-term storage, followed by long-term storage at -20°C.', 'Maternity colony bats were captured via harp traps placed at the cave entrance and sampled following wing tissue procedures described for the other sampling locales.', 'We collected between 30-100 guano samples per cave.', 'For those sampling locales where only guano was collected, we randomly selected 30-40 samples for inclusion in the study.']",Invasif,"Le protocole implique la capture des chauves-souris via des pièges à harpe placés à l'entrée de la grotte et la collecte systématique de guano dans les grottes, ce qui entraîne un contact direct avec les animaux vivants et une modification du comportement naturel. Cela remplit donc au moins deux critères d'invasivité.","[3, 1]",100% - La méthodologie est explicitement détaillée dans le protocole.,Non,Le titre ne contient pas de déclaration globale de non-invasivité. Le protocole détecté comme invasif n'est pas mentionné dans le titre. Le corps de l'article ne contient pas de phrase indiquant explicitement que le protocole en question est non invasif.
Zoonoses and Public Health - 2013 - Kauffman - Early Detection of Brucella Canis via Quantitative Polymerase Chain Reaction,Échantillonnage d'ADN chez les mammifères,Sang total et tissus,"[""Stress pour l'animal"", 'Blessures potentielles']","['Whole-blood samples and tissues were obtained on-site', ""DNA purification from blood, urine, tissue and cotton swab samples was performed using the Qiagen QIAamp DNA isolation kit according to manufacturer's protocol""]",Invasif,Le protocole implique un contact direct avec l'animal vivant et une capture ou manipulation de l'animal vivant.,"[1, 3]",95% - Les termes utilisés dans le protocole sont explicites et indiquent clairement une méthode invasive.,Non,Le titre de l'article ne contient pas de déclaration globale de non-invasivité. Le protocole détecté comme invasif n'est pas mentionné dans le titre et il n'y a pas de phrase indiquant explicitement que ce protocole est non invasif dans le corps de l'article.
Wildlife Society Bulletin - 2015 - Lonsinger - Evaluating the reliability of field identification and morphometric,Collecte de fèces pour l'analyse d'ADN,Fèces,"['Perturbation du comportement naturel', 'Impact sur le marquage territorial']","['We conducted surveys for carnivore scats in the winter and summer of 2013 along transects...', ""When a carnivore scat was encountered, we determined field identification by inspecting the scat's morphology,..."", 'We then collected a fecal DNA sample (approx. 0.7 mL) from the side of the scat,...']",Invasif,"Le protocole implique la collecte systématique de fèces le long de transects, ce qui peut être considéré comme invasif selon les critères spécifiques aux mammifères. La collecte est exhaustive et régulière sur le même territoire.",['2'],100%,Non,Le titre ne contient pas de déclaration globale de non-invasivité. Le protocole de collecte de fèces pour l'analyse d'ADN est décrit dans le corps de l'article mais il n'y a pas de phrase indiquant explicitement que ce protocole est non invasif.
Conservation Biology - 2016 - Woodruff - Estimating Sonoran pronghorn abundance and survival with fecal DNA and capture,Collecte de fèces chez les pronghorns,Fèces,"['Perturbation du comportement naturel', 'Impact sur le marquage territorial']","['In May-June 2013 and 2014, we collected fecal samples 3-4 times (6-7 total) at intervals of 7 d at all 17 artificial water holes likely to be used by pronghorn', 'We classified fecal samples in the field through visual inspection of size and morphology as adult (>1 year old) or fawn (<1 year old). Each sample for which DNA was successfully amplified was considered a detection.']",Invasif,"La collecte de fèces est effectuée de manière systématique, ce qui peut perturber le comportement naturel des animaux et affecter leur territoire. Cela remplit donc le critère d'invasivité.",[1],95% - La méthodologie est détaillée et permet une déduction solide.,Non,"Le titre de l'article ne mentionne pas explicitement que le protocole est non invasif. De plus, il n'y a aucune phrase dans le corps de l'article qui indique explicitement ou implicitement que la collecte de fèces chez les pronghorns est une méthode non invasive."
1-s2.0-S0006320712005083-main,Analyse génétique de fèces chez les loups,Fèces,"['Perturbation du comportement naturel des loups', ""Modification de l'habitat""]","['In addition, Creel et al. (2003) used a wolf (Canis lupus) population of known size (41) to assess the impact of genotyping error on population size estimates from a census based on genetic analysis of feces and were able to tally 39 individuals']",Invasif,"Le protocole implique l'analyse génétique de fèces, ce qui est considéré comme invasif selon les critères spécifiques aux mammifères. La collecte de fèces peut être considérée comme non invasive si elle est ponctuelle et opportuniste, mais cela n'est pas précisé dans le texte.",[2],70% - Implicite fort,Manque d'informations,"Le titre ne contient pas de déclaration globale de non-invasivité, ni une mention explicite du protocole détecté comme invasif. Le corps de l'article ne contient pas de phrase indiquant explicitement que le protocole en question est non invasif."
1-s2.0-S0006320712005083-main,Estimation de l'occupation à partir de surveys pour détecter les signes d'éléphants (piles de fèces) dans tous les sites sélectionnés dans le paysage,Fèces,[],"['In a first phase, estimating occupancy from surveys to detect elephant sign (dung piles) in all selected sites in the landscape']",Non invasif,"La collecte est ponctuelle et opportuniste, ce qui ne cause pas de perturbation significative pour les animaux. Il n'y a pas de capture ou manipulation des animaux.",['2'],100%,,
1-s2.0-S0006320712005083-main,Collecte opportuniste de fèces,Fèces,[],"['From 16 September 2004 to 3 March 2005, we conducted a pilot survey...', 'We analyzed 267 dung samples, of which 215 (81%) yielded sufficient genotypic information for analysis.']",Non invasif,"La collecte de fèces est considérée comme non invasive selon la définition de Taberlet et al. (1999), car elle n'implique pas de contact direct avec l'animal vivant ni de perturbation significative de son habitat.",[],"80% - Justification : La collecte de fèces est explicitement mentionnée, mais il manque des informations sur la fréquence et l'intensité de l'échantillonnage.",,
wu2016,Prélèvement d'échantillons de soufflet chez les dauphins,Échantillons de soufflet,"['Stress potentiellement subi par les dauphins vivants avant leur mort', 'Impact sur le comportement des autres animaux dans la région']","['Blowhole samples with sterile cotton or synthetic swabs were collected at necropsy from bottlenose dolphins that stranded dead or stranded live and then died in the coastal region of Virginia, South Carolina and northern Florida, USA, between 2013 and 2015.', 'The tip was inserted into the blowhole, and the walls of the blowhole were swiped down to about 1-3 inches (~2.5-7.5 cm).', 'Blowhole swabs are a simple and non-invasive method for collecting samples from cetaceans']",Invasif,"Les échantillons ont été prélevés sur des dauphins qui étaient déjà morts ou qui ont été capturés vivants et sont morts par la suite. Cela implique un contact direct avec l'animal vivant, même s'il était déjà mort au moment du prélèvement.",['3'],100% - La méthodologie est explicitement détaillée et ne laisse pas de place à l'interprétation.,Non,Le titre ne mentionne pas explicitement que le protocole est non invasif. Le corps de l'article ne contient pas de phrase indiquant explicitement que le prélèvement d'échantillons de soufflet chez les dauphins est non invasif.
wu2016,Extraction d'ADN à partir d'échantillons de soufflet et de poumons,Échantillons de soufflet et de poumons,"['Blessure potentielle causée par la coupe des tissus', ""Stress potentiellement causé à l'animal lors de la manipulation""]","[""Genomic DNA was extracted from blowhole swab and lung samples using QIAamp DNA mini kit (Qiagen) according to the manufacturer's instructions."", 'Twenty to 25 mg of lung samples were cut using carbon-steel scalpel blades for DNA extraction.']",Invasif,"Le protocole implique la manipulation et la coupe des échantillons de poumons, ce qui remplit le critère d'invasivité 'Contact direct avec l'animal vivant'.",[3],100% - La méthodologie est explicitement détaillée.,Non,"Le titre de l'article ne mentionne pas explicitement que le protocole est non invasif. De plus, dans le corps de l'article, il est mentionné que les échantillons ont été prélevés sur des dauphins qui étaient déjà morts ou qui ont ensuite mourir après avoir été échoués, ce qui indique une certaine invasivité du protocole."
Balestrieri_etal_2014_EcolRes,Échantillonnage de fèces de mammifères,Fèces,"[""Perturbation de l'habitat"", 'Modification du comportement naturel']","[""Sampling was conducted between October 2011 and June 2012 along linear transects drawn along wood/field margins, paths and country roads to cover both open and forested habitats. Transects were surveyed 1-3 times each (mean ± SD = 2.44 ± 0.87). A portion (ca. 1 cm) of each 'marten-like' faeces (i.e. <10 mm large and then suspected to belong to the pine marten; for more details on faeces identification, see Remonti et al. 2012) was picked up using sticks stored in autoclaved tubes containing ethanol 96 % and frozen at -20 °C until processed (Ruiz-Gonza´lez et al. 2008)."", 'To assess habitat use at transect-scale, faecal samples were georeferenced and assigned to a habitat type.']",Invasif,"La collecte est régulière et systématique le long de transects, ce qui peut perturber l'habitat et modifier le comportement naturel des animaux. De plus, la collecte de fèces est exhaustive sur l'ensemble du transect.",[2],"85% - Les termes 'systematic' et 'regular' indiquent une collecte régulière et systématique, ce qui est suffisant pour déduire une invasivité selon les critères.",Non,L'article ne contient pas de déclaration explicite ou implicite indiquant que le protocole d'échantillonnage de fèces de mammifères est non invasif.
"Scat detection dogs, DNA and species distribution modelling reveal a diminutive geographical range f",Recherche de fèces avec chiens,Fèces,"['Perturbation du comportement naturel', ""Modification de l'habitat""]","['Searches for faecal samples were conducted during June \uf732\uf730\uf730\uf733-October \uf732\uf730\uf731\uf732 by one or more observers and a handler with two scat detection dogs.', 'We collected 555 deer scat samples from 30 of the 46 surveyed areas.']",Invasif,"Le protocole implique l'utilisation de chiens pour détecter les fèces, ce qui peut perturber le comportement naturel des animaux et modifier leur habitat. Cela remplit donc le critère d'invasivité lié à la modification du comportement.",['1'],"85% - Les termes utilisés dans le protocole sont clairs, mais il manque des informations sur la fréquence et l'intensité de l'échantillonnage.",Non,"Le titre ne contient pas de déclaration globale de non-invasivité. Le protocole 'Recherche de fèces avec chiens' est mentionné dans le titre mais il n'est pas présenté comme non invasif. Dans le corps de l'article, il n'y a pas de phrase indiquant explicitement que ce protocole est non invasif."
gyv160,Collecte de fèces de mammifères,Fèces,"['Perturbation du comportement naturel', 'Impact sur le marquage territorial', ""Perturbation de l'habitat"", 'Modification du comportement naturel']","['From June through August of 2009, black bear and coyote scats were collected along roads and in areas adjacent to roads across La Poile (~1,700 km 2 ) and the Northern Peninsula (~2,000 km 2 ) using a trained scat detection dog (MacKay et al. 2008).', 'In 2012, scat detection dogs were transported via helicopter to remote locations within the Middle Ridge to locate black bear and coyote scats as part of a larger predator abundance survey.']",Invasif,"Le protocole implique la collecte de fèces dans des zones adjacentes aux routes et le transport de chiens détecteurs de fèces par hélicoptère jusqu'à des endroits éloignés, ce qui peut perturber l'habitat et modifier le comportement naturel des animaux. Cela remplit donc le critère d'invasivité.",[1],95% - Les informations sont claires et permettent une évaluation solide de l'invasivité.,Non,"Le passage ne contient pas de déclaration explicite ou implicite indiquant que la collecte de fèces de mammifères est non invasive. Au contraire, il est mentionné que des chiens sont utilisés pour détecter les fèces, ce qui peut être considéré comme une méthode invasive."
Methods Ecol Evol - 2016 - Bylemans - An environmental DNA‐based method for monitoring spawning activity  a case study,Collecte d'ADN environnemental chez les poissons,Echantillons d'ADN environnemental,[],"['Experimental fish, 18 one-year old Macquarie perch, were sourced from the Narrandera Fisheries Centre (NFC) (NSW Department of Primary Industries)', 'Water samples (50 mL) were collected prior to stocking tanks with experimental animals', 'After introducing experimental animals to the tanks, five samples were collected over a 14-day period for each tank', 'Over three sampling events (October 20, November 7 and December 3), environmental DNA of all collected samples was captured by filtering water samples immediately']",Non invasif,"Le protocole décrit la collecte d'échantillons d'ADN environnemental à partir de l'eau, ce qui est considéré comme non invasif selon les règles spécifiques pour les poissons. Il n'y a pas de capture ou manipulation des animaux vivants et les échantillons sont prélevés sans perturbation significative de l'habitat.",[],100% - La méthodologie est explicitement détaillée et ne présente aucun signe d'alarme.,,
1-s2.0-S000632071630088X-main,Echantillonnage d'ADN environnemental,ADN environnemental (eDNA),"['Capture de poissons', 'Modification du comportement naturel']","['In November 2013 and early March 2014, water samples were collected as described above from nine sites in the LRMW.', 'Fyke net surveys were carried out concurrent to eDNA sampling by placing three nets (6 m single-leader, 5 mm half mesh) at each site immediately after water samples were taken.', ""DNA was PCR-amplified using two fusion primer sets: a vertebratespecific 12S ribosomal DNA (rDNA) primer pair [...], Extracts from the six NPR sites were initially amplified using only the 12S vertebrate-specific primer set, but following data analysis, 16S rDNA 'fish-specific' primers [...] were used to amplify extracts from three of the NPR sites [...], Both the vertebrate-specific 12S and fish-specific 16S markers were subsequently used for all LRMW extracts.""]",Invasif,"Le protocole implique l'utilisation de filets de pêche (Fyke nets) qui sont placés dans l'eau pour capturer les poissons. Cela représente un contact direct avec l'animal vivant et une modification du comportement naturel des poissons. Bien que le protocole utilise également l'ADN environnemental, la collecte d'ADN à partir de l'eau n'est pas invasive en soi.",[3],"80% - Justification : La méthodologie est détaillée, mais il manque des informations sur la fréquence et l'intensité de l'échantillonnage.",Non,Le titre ne contient pas de déclaration globale de non-invasivité. Le protocole détecté comme invasif n'est pas mentionné dans le titre. Le corps de l'article ne contient pas de phrase indiquant explicitement que ce protocole est non invasif.
Integrative Zoology - 2016 - WANG - Isolation of microsatellite loci and reliable genotyping using noninvasive samples of a,Collecte d'échantillons de cheveux et de fèces,Cheveux et fèces,"['Stress potentiellement causé par la collecte de fèces', 'Impact sur le marquage territorial']","['We collected hair and fecal samples...', 'Hair samples were collected from the sticky sap on a banyan tree...', 'Fecal samples were collected from 30 social groups across FS (20 groups) and CZ (10 groups)...']",Invasif,"Le protocole implique la collecte de fèces, ce qui peut être invasif selon les critères spécifiques aux mammifères. La collecte est effectuée sur des groupes sociaux, ce qui indique une approche systématique et exhaustive, ce qui est considéré comme invasif pour les fèces de mammifères.",[1],95% - Les termes utilisés dans le protocole sont clairs et permettent une évaluation solide.,Non,"Le titre de l'article mentionne explicitement 'noninvasive samples', mais il ne précise pas que la collecte d'échantillons de cheveux et de fèces est non invasive. Le corps de l'article ne contient aucune phrase indiquant explicitement que ce protocole est non invasif."
Integrative Zoology - 2016 - WANG - Isolation of microsatellite loci and reliable genotyping using noninvasive samples of a,Extraction d'ADN à partir de fèces,Fèces,[],['Extraction of DNA from fecal samples was conducted using...'],Non invasif,"La méthode utilisée pour extraire l'ADN à partir des échantillons de fèces ne mentionne pas la capture ou la manipulation des animaux. De plus, le terme 'fécal' indique que les échantillons ont été collectés naturellement.",[],70% - Implicite fort,,
Wildlife Society Bulletin - December 2016 - Morin - Bias in carnivore diet analysis resulting from misclassification of,Collecte et traitement des échantillons de fèces,Fèces,"[""Perturbation de l'habitat"", 'Stress potentiellement causé aux animaux dont les fèces ont été prélevées']","['We collected carnivore scat samples along 16 established 5-km transects once per month from June 2011 to May 2012.', 'We stored diet scat samples at À208 C, then thawed and washed scats through a series of progressively finer mesh sieves, manually separating diet items into piles of materials such as bones, teeth, hair, feathers, fruits, seeds, and debris.']",Invasif,"Le protocole implique la collecte et le traitement des fèces de manière systématique, ce qui est considéré comme invasif selon les critères spécifiques aux mammifères.",[1],95% - Les termes utilisés dans le protocole sont clairs et permettent une évaluation solide.,Non,"Le titre de l'article 'Bias in Carnivore Diet Analysis Resulting from Misclassification of Predator Scats Based on Field Identification' indique clairement que le protocole utilisé est sujet à des erreurs et des biais, mais il ne mentionne pas explicitement qu'il est non invasif. De plus, le corps de l'article ne contient aucune phrase indiquant explicitement que la collecte et le traitement des échantillons de fèces sont non invasifs."
Samplesdiversityaddvaluestonon-invasivegeneticassessmentofpinemartenpopulationinGallowayForest,Échantillonnage d'ADN chez les mammifères,Cheveux (hair) et fèces (scat),"['Perturbation du comportement naturel', ""Modification de l'habitat""]","['This study demonstrates that non-invasive sampling methods offer an effective means of obtaining a range of data on pine marten populations at a low density', 'Therefore, future studies aiming to determine pine marten population size and density through non-invasive sampling should incorporate the collection of both hair and scat samples in order to detect as many individuals within the population as possible', 'This study is the first in Britain to use genotyping of both hair and scat samples', 'The majority of recent non-invasive studies of pine marten population size and density have used sampling and genotyping of hairs only']",Invasif,"Le protocole implique le prélèvement de fèces, qui peut être invasif selon les règles spécifiques aux mammifères. La collecte de cheveux peut être considérée comme non invasive si elle est opportuniste et ne perturbe pas l'animal ou son habitat.",[2],75% - Implicite fort,Non,Le titre de l'article mentionne 'non-invasive genetic assessment' mais ne spécifie pas que le protocole d'échantillonnage d'ADN chez les mammifères est non invasif. Le corps de l'article ne contient aucune phrase indiquant explicitement que ce protocole est non invasif.
Samplesdiversityaddvaluestonon-invasivegeneticassessmentofpinemartenpopulationinGallowayForest,Échantillonnage d'ADN chez les mammifères,Cheveux (poils),"[""Perturbation de l'habitat"", 'Modification du comportement naturel']","['Sample collection was undertaken during September and October 2014.', 'Hair tubes were installed within 10 m of the forest track and were fixed vertically to the trunk of a tree using wire, approximately 1 m off the ground.']",Invasif,"Les tubes à poils ont été installés et fixés sur les troncs d'arbres, ce qui implique une modification de l'habitat. Cela peut perturber le comportement naturel des animaux.",[3],100% - La méthodologie est explicitement détaillée.,Non,Le titre de l'article mentionne 'non-invasive genetic assessment' mais ne spécifie pas que le protocole d'échantillonnage d'ADN chez les mammifères est non invasif. Le corps de l'article ne contient aucune phrase indiquant explicitement que ce protocole est non invasif.
Samplesdiversityaddvaluestonon-invasivegeneticassessmentofpinemartenpopulationinGallowayForest,Échantillonnage d'ADN chez les mammifères,Poils,"['Modification du comportement naturel des animaux', ""Attraction indésirable d'autres espèces""]","['The proportion of hairs confirmed as pine marten by DNA analysis was relatively high', 'During hair sampling, many of the glue patches became saturated with flies attracted to the meat bait']",Invasif,"L'utilisation d'appâts à base de viande pour attirer les animaux modifie leur comportement naturel, ce qui est contraire à la définition de l'échantillonnage non invasif. Cela remplit le critère d'invasivité lié à l'utilisation d'appâts ou leurres modifiant le comportement.",[2],100% - Les termes utilisés et la méthodologie sont explicitement décrits.,Non,Le titre de l'article mentionne 'non-invasive genetic assessment' mais ne spécifie pas que le protocole d'échantillonnage d'ADN chez les mammifères est non invasif. Le corps de l'article ne contient aucune phrase indiquant explicitement que ce protocole est non invasif.
Improved DNA profiles from aged horse feces using pressure cycling technology,Collecte d'échantillons de salive,Échantillons de salive,"[""Perturbation significative de l'habitat""]","['five random samples from a nearby pasture were collected', 'Swabs were collected in triplicate (N = 15) as described previously']",Invasif,"Le protocole mentionne la collecte de cinq échantillons aléatoires, ce qui peut impliquer une certaine manipulation ou perturbation de l'habitat.",[],70% - Implicite fort,Non,"Le titre ne mentionne pas explicitement que la collecte d'échantillons de salive est non invasive. De plus, le corps de l'article ne contient aucune phrase indiquant explicitement que ce protocole est non invasif."
Improved DNA profiles from aged horse feces using pressure cycling technology,Collecte d'échantillons de fèces,Fèces,[],"['Fecal samples from ten horse and five from the pasture samples were tested using the modified Qiagen QIAamp Ò stool kit protocol', ""Fecal samples were collected from each horse's stall within an hour of defecation.""]",Non invasif,"La collecte de fèces est décrite comme opportuniste, ce qui indique qu'elle n'est pas systématique ou exhaustive. Il n'y a pas de mention de capture ou de manipulation des animaux.",[],70% - Implicite fort,,
Improved DNA profiles from aged horse feces using pressure cycling technology,Collecte d'échantillons de fèces,Fèces,"[""Perturbation du comportement naturel de l'animal""]","['There was a 100 % success rate obtained for full horse DNA profiles from fresh (Day 0) and fecal samples aged up to Day 2.', 'For 90 % of the samples, full horse profiles were obtained for Day 4 and 60 % of the samples produced full profiles even 6 days post defecation.']",Invasif,La collecte de fèces est invasive car elle implique la manipulation des échantillons après leur dépôt par l'animal.,[],100% car il y a une information claire et explicite sur le type d'échantillon utilisé.,Non,"Le titre de l'article ne mentionne pas explicitement que le protocole est non invasif. De plus, il n'y a aucune phrase dans le corps de l'article qui indique explicitement ou implicitement que la collecte d'échantillons de fèces est non invasive."
Molecular Ecology - 2013 - Calvignac‐Spencer - Carrion fly‐derived DNA as a tool for comprehensive and cost‐effective,Échantillonnage de mouches,Fèces,"[""Stress pour les animaux vivants, perturbation de l'habitat""]","['52/59 flies captured under dissection nets', '86 flies (under dissection nets) during necropsies of carcasses from five different mammalian species']",Invasif,Le protocole implique la capture de mouches sous des filets de dissection et l'utilisation de necropsies sur des carcasses de cinq espèces différentes. Cela remplit les critères d'invasivité suivants : contact direct avec l'animal vivant (capture de mouches) et perturbation significative de l'habitat (necropsies).,[3],100%,Non,Le titre ne contient pas de déclaration globale de non-invasivité. Le protocole d'échantillonnage de mouches n'est pas présenté dans le titre comme non invasif. Il n'y a pas de phrase indiquant explicitement que ce protocole est non invasif dans le corps de l'article.
Molecular Ecology - 2013 - Calvignac‐Spencer - Carrion fly‐derived DNA as a tool for comprehensive and cost‐effective,Échantillonnage aléatoire de mouches,Fèces,[],['23/91 randomly collected flies'],Non invasif,"Le protocole mentionne la collecte aléatoire de mouches, ce qui indique que les échantillons ont été prélevés sans perturbation ni manipulation directe des animaux. De plus, il n'y a pas de mention de capture ou de manipulation des animaux vivants.",[],70% - Implicite fort,,
Assessing noninvasive hair and fecal sampling for monitoring the distribution and abundance of river,Échantillonnage de poils,échantillons de poils,['perturbation du comportement naturel'],"['Genotypes identified using hair samples collected in the summer of 2009 and autumn of 2010 resulted in 59 independent captures of 13 male and eight female river otters', 'Ten additional captures ... were the result of multiple hair samples from individuals at a single latrine site within a capture session']",Invasif,"Le protocole implique la capture d'individus et l'utilisation de multiples échantillons de poils à partir d'un seul site, ce qui peut perturber le comportement naturel des animaux.",[3],100%,Oui,"Le titre de l'article contient explicitement 'noninvasive hair and fecal sampling', ce qui indique que le protocole d'échantillonnage de poils est considéré comme non invasif."
Assessing noninvasive hair and fecal sampling for monitoring the distribution and abundance of river,Échantillonnage de poils,Poils,"[""Stress pour l'animal"", 'Blessures potentielles']","['The method for using body snares to sample hair was previously published (Depue and Ben-David 2007), but we were uncertain about the ability of the method to collect a sufficient number of hairs to amplify DNA.']",Invasif,"Le protocole utilise des pièges corporels (body snares) pour prélever des poils, ce qui implique un contact direct avec l'animal vivant et une capture ou manipulation de l'animal vivant. Cela remplit donc le critère d'invasivité.",[],100%,Non,"Le titre de l'article mentionne explicitement 'noninvasive hair and fecal sampling', mais il ne précise pas que le protocole d'échantillonnage de poils est non invasif. Le corps de l'article ne contient aucune phrase indiquant explicitement que ce protocole est non invasif."
Assessing noninvasive hair and fecal sampling for monitoring the distribution and abundance of river,Échantillonnage de fèces et poils,Fèces et poils,"['Stress pour les animaux', 'Blessures potentielles']","['We studied multiple aspects of the ecology of river otter allowing a comparison of three methods.', 'Although we did not provide a complete three-way comparison among methods, our data strongly suggested that hair sampling was the most cost-effective approach for conducting mark-recapture estimates of otter and other furbearers with similar sampling opportunities.']",Invasif,"Le protocole implique la capture des animaux pour obtenir des échantillons de poils, ce qui cause du stress et potentiellement des blessures. La collecte de fèces est également invasive car elle est effectuée sur l'ensemble du transect de manière systématique.",[3],100%,Oui,Le titre de l'article contient explicitement 'noninvasive' en référence aux méthodes d'échantillonnage de poils et de fèces.
Assessing noninvasive hair and fecal sampling for monitoring the distribution and abundance of river,Échantillonnage de cheveux,Cheveux,"['Stress pour les animaux capturés', 'Blessures potentielles causées par les pièges']","['We conducted five systematic hair sampling sessions at latrine sites on Tezzeron Lake.', 'Where latrines had recent activity, we established two types of hair collection instruments: body snares and knaplock hair snags.']",Invasif,"Le protocole implique l'utilisation de pièges (body snares) pour capturer les animaux, ce qui est considéré comme invasif selon la définition donnée. La collecte systématique des échantillons peut également être considérée comme invasive si elle affecte le comportement naturel ou le territoire.",[3],100% - La méthodologie est explicitement détaillée et utilise des termes clairs.,Manque d'informations,"Le titre mentionne 'noninvasive hair and fecal sampling', mais il n'y a pas de déclaration explicite ou implicite dans le corps de l'article concernant la non-invasivité du protocole d'échantillonnage de cheveux."
Assessing noninvasive hair and fecal sampling for monitoring the distribution and abundance of river,Échantillonnage de poils de garde,Poils de garde,"['Stress pour les animaux capturés', 'Blessures potentielles']","['During the summer of 2009 (June 12-August 23), we deployed 35 noninvasive knaplock snag traps and 37 releasable body snares at 15 latrine sites used consistently by the river otter. For each session, we collected an average of 12.1 (4.52 SE) individual guard hairs per 100 trap nights for body snares (n hairs = 187) and 2.5 (0.92 SE) guard hairs for the knaplock traps (n hairs = 39; Fig. 2).']",Invasif,"Les pièges et les collets utilisés pour capturer les animaux sont des méthodes invasives selon la définition donnée, car ils impliquent un contact direct avec l'animal vivant et une modification du comportement naturel.",[3],100% - La méthodologie est explicitement détaillée et utilise des termes clairs.,Non,"Le titre de l'article mentionne explicitement 'non-invasive hair and fecal sampling', mais il ne précise pas que le protocole d'échantillonnage de poils de garde est non invasif. De plus, dans le corps de l'article, il est mentionné que ce protocole a été détecté comme étant invasif par une analyse externe."
puechmaille2014,Échantillonnage de fèces dans une grotte,Fèces,"['Perturbation du comportement naturel', ""Perturbation de l'habitat""]","['On the 20th of February 2008, a plastic sheet covered with newspaper was placed in a cave underneath a group of 18 hibernating medium-sized Rhinolophus suspected to be Rhinolophus mehelyi based on visual identification.']",Invasif,Le protocole implique la manipulation de l'habitat des animaux en plaçant une feuille de plastique recouverte de journal sous un groupe d'animaux en hibernation. Cela peut perturber leur comportement naturel et leur habitat.,[],100% - Les termes utilisés et les actions décrites dans le protocole sont explicites.,Non,"Le titre ne mentionne pas explicitement que le protocole d'échantillonnage de fèces dans une grotte est non invasif. De plus, il n'y a aucune phrase dans le corps de l'article qui indique explicitement ou implicitement que ce protocole est non invasif."
puechmaille2014,Collecte d'échantillons dans des sites de hibernation naturels,Non précisé,[],"['In terms of climatic conditions, hibernating sites generally have low temperatures and high humidity ( Webb et al. 1996, Višňovský et al. 2006 ). DNA degradation decreases at low temperatures but increases at higher humidity; therefore, equipment should be placed in the driest locations available where the subject bats are present.']",Non invasif,"Le protocole décrit la collecte d'échantillons dans des sites de hibernation naturels, sans mentionner la capture ou la manipulation des animaux. La collecte est limitée aux échantillons trouvés sur place et ne nécessite pas de perturbation de l'habitat.",[],"80% - Justification : La méthodologie est implicitement décrite, mais il manque des informations sur le type d'échantillon.",,
2013AProtocolforDNAExtractionfromFecesoftheWildPygmyLorisesNycticebuspygmaeus,Collecte d'échantillons de fèces chez les pygmy loris,Fèces,[],"['Fecal samples from seven individuals of pygmy loris were collected', 'The fecal sample (0.05-0.10 g) was placed in a 2.0 ml centrifuge tube, to which double distilled water was added.']",Non invasif,"La collecte de fèces est décrite comme opportuniste et non systématique, il n'y a pas de mention de capture ou de manipulation des animaux.",[],75% - Implicite fort,,
95-4-871,Collecte de fèces de léopard des neiges,Fèces,"['Perturbation du comportement naturel des animaux', 'Stress potentiellement causé par la manipulation ou la capture pour identifier les fèces', 'Blessures potentielles causées par la manipulation ou la capture']","['Snow leopard scats were collected via SLIMS; therefore, we collected scats only if we found snow leopard sign around the scats, such as scent spray, scrapes, pugmarks, or a combination of these.', 'However, only known snow leopard scats were collected from the Manang district.']",Invasif,"Le protocole implique la collecte de fèces en fonction de la présence de signes du léopard des neiges dans les environs, ce qui indique une manipulation de l'environnement pour trouver les échantillons. Cela remplit le critère d'invasivité 'Perturbation significative de l'habitat'. Le protocole mentionne également la collecte de fèces connues, ce qui implique probablement une manipulation ou une capture pour identifier les fèces comme appartenant à un snow leopard connu.",[1],"85% - Les termes utilisés dans le protocole sont clairs, mais il manque des informations sur la fréquence et l'exhaustivité de l'échantillonnage.",Non,"Le titre ne mentionne pas explicitement que la collecte de fèces de léopard des neiges est non invasive. De plus, le corps de l'article ne contient aucune phrase indiquant explicitement que ce protocole est non invasif."
041.039.0109,Extraction d'ADN à partir de fèces,Fèces,[],['DNA was extracted from each scat sample at least twice'],Non invasif,"Le protocole mentionne l'extraction d'ADN à partir de chaque échantillon de fèces, mais il n'y a pas de mention de capture ou de manipulation des animaux. La collecte est décrite comme étant opportuniste et ponctuelle.",[],70% - Implicite fort,,
Evaluating_the_interaction_of_fecal_pellet_deposit,Collecte d'échantillons de fèces chez les mammifères,Fèces,"['Stress potentiellement causé par la collecte de fèces', 'Impact sur le marquage territorial', 'Perturbation du comportement naturel', 'Stress potentiellement causé par la présence humaine régulière']","['On 4 July 2012, we returned and collected 20 pellet piles from ten presumed adult (five males, five females) and 10 presumed fawn (five males, four females, one unknown sex).', 'Our proposed method of sampling at drinkers should allow collection of a large number of samples from most of the individuals visiting the drinkers']",Invasif,"Le protocole implique la collecte de fèces, ce qui est considéré comme invasif selon les règles spécifiques aux mammifères. La collecte est systématique et exhaustive, avec 20 pellet piles collectées à partir de 10 animaux adultes et 10 faons présumés. Le protocole prévoit également une collecte de fèces à intervalles réguliers (7 jours) et synchronisée avec les visites hebdomadaires du personnel de l'agence pour approvisionner en nourriture et en eau, indiquant une perturbation du comportement naturel des animaux.",[3],"95% - Les termes utilisés et les intentions du protocole sont clairs, mais il manque des informations sur l'impact réel de la collecte sur le comportement des animaux.",Non,Le titre ne mentionne pas explicitement que le protocole est non invasif. Le corps de l'article ne contient pas de phrase indiquant explicitement que la collecte d'échantillons de fèces chez les mammifères est non invasive.
J Wildl Manag - 2014 - Lounsberry - Estimating sex‐specific abundance in fawning areas of a high‐density Columbian,Collecte et extraction d'ADN à partir de fèces de mammifères,Fèces,"['Modification du comportement naturel', ""Perturbation significative de l'habitat"", 'Stress pour les cerfs', 'Perturbation du marquage territorial']","['We collected fresh pellets with a mucous sheen and attempted to clear all pellets from within the 2-m transect, as well as 1 m beyond the boundary on either side.', 'During subsequent surveys, we collected pellets from all groups, presumably deposited since the previous sampling occasion, and cleared remaining pellets from 1-2 m beyond either side.', 'We extracted DNA from the surfaces of fecal pellets in batches of 11 samples with 1 blank as a negative control to assess possible contamination following a protocol modified from Brinkman et al. (2010).']",Invasif,"Le protocole mentionne la collecte de toutes les fèces dans un transect spécifique et allant jusqu'à 2 mètres au-delà des limites, ce qui indique une collecte systématique et exhaustive. Cela remplit le critère d'invasivité 'Perturbation significative de l'habitat'. Le protocole implique également la manipulation de fèces, ce qui peut affecter le comportement naturel des animaux.",[1],"95% - Les termes utilisés ('clear', 'all') et la description de la collecte systématique indiquent clairement une méthode invasive. Le protocole implique également la manipulation de fèces, ce qui peut affecter le comportement naturel des animaux.",Non,Le titre ne contient pas de déclaration globale de non-invasivité. Le protocole détecté comme invasif n'est pas mentionné dans le titre. Le corps de l'article ne contient pas de phrase indiquant explicitement que ce protocole est non invasif.
zoj12322,Collecte de poils chez les mammifères,Poils,[],['Hair samples were collected from 2009 until 2011'],Non invasif,La collecte de poils est considérée comme non invasive car elle ne nécessite pas de contact direct avec l'animal vivant et n'entraîne pas de modification du comportement naturel ou de perturbation significative de l'habitat.,[],"80% - La présence du mot-clé 'naturally' indique une collecte non invasive, mais il manque des informations sur la fréquence et l'intensité de l'échantillonnage.",,
zoj12322,Collecte de fèces chez les mammifères,Fèces,"['Stress pour les animaux', 'Perturbation du marquage territorial']","['Scat samples were collected opportunistically between 2005 and 2011', 'We followed three female deer and collected their fecal pellets just after defecation.', 'After 3, 5, and 10 days, we collected fecal solutions from fecal pellets under each condition using the procedure described above.']",Invasif,"Le protocole implique la collecte de fèces chez les mammifères après défécation, ce qui est considéré comme invasif selon les règles spécifiques aux fèces de mammifères. La collecte est systématique et régulière sur le même territoire, ce qui indique une perturbation significative de l'habitat.",[2],100% - La méthodologie est explicitement détaillée et utilise des termes clairs.,Non,Le titre ne contient pas de déclaration globale de non-invasivité. Le protocole détecté comme invasif n'est pas mentionné dans le titre. Le corps de l'article ne contient pas de phrase indiquant explicitement que ce protocole est non invasif.
n026p179,Échantillonnage d'ADN à partir de fèces et poils de mammifères,Fèces et poils,"['Modification du comportement naturel', ""Perturbation significative de l'habitat""]","['Because direct sighting of, and sampling from, wild black bears is very difficult, we used non-invasive fecal and hair sampling as a source of DNA.', 'Between 2008 and 2012, we surveyed transects throughout the 6 different locations, walking a maximum distance of 10 km, searching for fecal material and placing 10 baited barbed wire hair traps at intervals of 1 km (Woods et al. 1999).', 'In the dry season of each of the 5 years of the study period we checked for scats and set hair snags.', 'Fresh fecal samples were placed in Falcon tubes with silica gel and transported to the laboratory for analysis.', 'Whole genomic DNA was extracted from fecal samples using the QIAamp DNA Stool Mini Kit']",Invasif,"L'utilisation de pièges à poils appâtés modifie le comportement naturel des animaux, ce qui correspond au péché d'appâtage des pièges à ADN. De plus, la collecte de fèces peut être considérée comme invasive si elle est effectuée de manière systématique et exhaustive sur le même territoire.",['2'],85% - Les termes utilisés dans le protocole sont clairs et permettent une déduction solide.,Oui,"Le titre de l'article contient explicitement la mention 'Non-invasive sampling', ce qui indique que le protocole utilisé est non invasif."
rodgers-et-al-2014-comparison-of-noninvasive-genetics-and-camera-trapping-for-estimating-population-density-of-ocelots,Collecte de plumes,Plumes,"[""Stress pour l'oiseau"", 'Blessures potentielles']","['A total of 159 samples from six different types were collected in the field', 'One DNA template obtained from shed feathers']",Invasif,"Les plumes ont été prélevées, ce qui implique un contact direct avec l'animal vivant et une manipulation de l'animal vivant. Cependant, la collecte de plumes naturellement perdues est non invasive.",[],100%,Non,"Le titre ne mentionne pas explicitement que la collecte de plumes est non invasive. De plus, le corps de l'article ne contient aucune phrase indiquant explicitement que ce protocole est non invasif."
rodgers-et-al-2014-comparison-of-noninvasive-genetics-and-camera-trapping-for-estimating-population-density-of-ocelots,Collecte de fèces,Fèces,[],"['Our study was conducted in a high-density population of a species that defecates at latrine sites, and thus we were able to find scats relatively easily.', 'six DNA samples extracted from feces were excluded from further analysis']",Non invasif,"La collecte est décrite comme opportuniste, ce qui correspond à la définition de non invasif pour les fèces de mammifères. La collecte de plumes naturellement perdues est également non invasive.",[],70% - Implicite fort,,
Diversity and Distributions - 2013 - Dutta - Fine‐scale population genetic structure in a wide‐ranging carnivore  the,Échantillonnage de fèces de félins,Fèces,"['Modification du comportement naturel', ""Perturbation significative de l'habitat""]","['During April-June 2009 and Nov 2009-May 2010, we sampled along existing forest trails and roads on foot and by vehicles, collecting felid (leopard and tiger) scats from the TRs and the corridors. We used systematic sampling inside the TRs using a 10 km² grid as the sampling unit. We sampled all the grids inside the TRs at least once except those that were completely occupied by dense human populations, barren-land, inaccessible terrain or water bodies.', 'We collected a total of 1411 felid scat samples']",Invasif,"Le protocole utilise un échantillonnage systématique de fèces, ce qui peut affecter le comportement naturel des animaux et perturber leur habitat. De plus, la collecte est exhaustive dans les TRs, ce qui peut avoir un impact sur le marquage territorial.",[1],95% - Les termes 'systematic' et 'all' indiquent clairement une collecte invasive.,Non,Le titre ne mentionne pas explicitement que le protocole est non invasif. Le corps de l'article ne contient pas de phrase indiquant explicitement que le protocole d'échantillonnage de fèces de félins est non invasif.
Diversity and Distributions - 2013 - Dutta - Fine‐scale population genetic structure in a wide‐ranging carnivore  the,Extraction d'ADN environnemental,ADN environnemental,[],"[""We extracted genomic DNA using the QIAamp mini-stool kit (Qiagen Inc., Valencia, CA, USA) following the manufacturer's instructions."", 'All PCR products were separated using capillary electrophoresis on an ABI 3730xl sequencer, using GeneScan -500 LIZ ® size standard (Applied Biosystems) and alleles were scored on GENEMAPPER-4.1 (Applied Biosystems).']",Non invasif,"Le protocole décrit le prélèvement d'ADN environnemental sans mentionner de perturbation de l'habitat ou de drainage. Selon les règles spécifiques pour l'ADN environnemental, cela est considéré comme non invasif.",[],"80% - Justification : La méthodologie est détaillée, mais il manque des informations sur le contexte de la collecte.",,
Integrative Zoology - 2015 - WANG - Noninvasive genetics provides insights into the population size and genetic diversity,Collecte d'échantillons fécaux chez les Amur tigres,Fèces,"['Perturbation du comportement naturel', 'Impact sur le territoire']","[""Nous avons collecté des échantillons fécaux que nous avons inférés comme provenant de tigres d'Amour sauvages et qui étaient aussi frais que possible en se basant sur l'état de la couche muqueuse externe des fèces."", ""Au total, 55 échantillons fécaux et 1 échantillon de poil ont été collectés et conservés dans un réfrigérateur à -20 °C jusqu'à l'extraction d'ADN.""]",Invasif,"La collecte de fèces est considérée comme invasive car elle peut affecter le comportement naturel des animaux et leur territoire. Il n'y a pas d'informations sur la fréquence ou l'exhaustivité de l'échantillonnage, mais cela pourrait être considéré comme invasif selon les règles spécifiques aux mammifères.",['1'],70% - Implicite fort,Non,"Le titre de l'article mentionne 'noninvasive genetics', mais il ne précise pas explicitement que la collecte d'échantillons fécaux chez les Amur tigres est non invasive. Il n'y a pas de phrase dans le corps de l'article qui indique explicitement que ce protocole est non invasif."
More than an empty case a non invasive technique for monitoring the Australian critically endangered,Collecte d'échantillons non invasifs,Cosses vides de S. plana,[],"['During each visit we asked the participants to search for, and collect, all empty S. plana pupal cases found in the survey plots.']",Non invasif,"Les cosses sont des échantillons déjà abandonnés naturellement par les insectes, il n'y a pas de contact direct avec l'animal vivant ni perturbation du comportement naturel.",[],"80% - Justification : La méthodologie est implicitement forte car elle permet de déduire que l'échantillonnage est non invasif, mais il manque des informations sur la méthode utilisée.",,
J Wildl Manag - 2016 - Stansbury - Identifying gray wolf packs and dispersers using noninvasive genetic samples,Faecal sampling,Fèces,"['Stress pour les animaux', ""Perturbation de l'habitat""]","['Faecal sampling was carried out... In 2009 and 2011, some faeces were collected with the help of a scat detector dog (Smith et al. 2001). The samples were stored in 200-ml plastic containers with silica gel and their location geo-referenced using a GPS.']",Invasif,L'utilisation d'un chien détecteur de fèces implique un contact direct avec l'animal vivant et une modification du comportement naturel.,[],85% - Les informations sont claires mais il manque des détails sur la fréquence et l'intensité de l'échantillonnage.,Oui,"Le titre de l'article contient explicitement 'Noninvasive Genetic Samples', ce qui indique que le protocole utilisé est non invasif."
J Wildl Manag - 2016 - Stansbury - Identifying gray wolf packs and dispersers using noninvasive genetic samples,Radio-collaring and tissue sampling,Échantillon de tissu par biopsie d'oreille,"[""Stress pour l'animal"", ""Blessure potentielle causée par la biopsie d'oreille""]","['The Idaho Department of Fish and Game...fitting individual(s) with very high frequency (VHF) or global positioning system (GPS) radio-collars taking a tissue sample via ear biopsy, when possible...']",Invasif,"Le protocole implique la capture et le marquage des animaux avec des colliers émetteurs, ainsi que la prise d'un échantillon de tissu par biopsie d'oreille. Cela remplit les critères d'invasivité liés au contact direct avec l'animal vivant et à la manipulation de l'animal vivant.",[3],100% - La méthodologie est explicitement détaillée et les termes utilisés sont clairs.,Non,"Le titre de l'article mentionne explicitement l'utilisation d'échantillons génétiques non invasifs pour identifier les packs de loups gris et les dispersants, mais il ne mentionne pas spécifiquement le protocole détecté comme invasif (radio-collage et échantillonnage de tissu). De plus, dans le corps de l'article, il est clairement indiqué que des échantillons de fèces et de poils ont été prélevés pour l'analyse génétique, mais il n'y a aucune mention explicite ou implicite selon laquelle ce protocole est non invasif. En fait, l'article mentionne que les animaux ont été capturés à l'aide de pièges à patte lestée rembourrée et équipés de colliers émetteurs VHF ou GPS, ce qui indique clairement que le protocole utilisé était invasif."
A novel real-time TaqMan (TM) PCR assay for simultaneous detection of Neotropical fox species usingn,Échantillonnage d'ADN chez les mammifères,"['Tissus (peau, muscle, foie)', 'Échantillons de sang', 'Fèces']","['Stress potentiellement subi par les animaux vivants avant leur mort', 'Impact sur la population locale si des animaux sont capturés pour obtenir des échantillons']","['Skin, muscle, and liver tissues from crab-eating fox (C. thous) ... collected between 1997 and 2016.', 'Blood samples from domestic dogs (n = 10) were obtained from breeders.', 'Additionally, fecal samples with a preliminary indication on canid species ... collected during surveys in Uruguay (n = 112)', 'From seven roadkilled foxes, we collected tissue and feces present in the rectum.']",Invasif,"Les échantillons de tissus ont été prélevés sur des animaux écrasés par des voitures, ce qui implique un contact direct avec l'animal vivant. Les échantillons de sang ont été obtenus auprès d'éleveurs, ce qui implique une capture ou manipulation de l'animal vivant.",['3'],100% - La méthodologie est explicitement détaillée et les termes utilisés sont clairs.,Non,"Le titre de l'article mentionne explicitement que le protocole est basé sur des échantillons non invasifs ('noninvasive samples'), mais il ne précise pas que tous les protocoles utilisés sont non invasifs. De plus, le corps de l'article ne contient aucune déclaration explicite ou implicite indiquant que le protocole détecté comme invasif (l'échantillonnage d'ADN chez les mammifères) est non invasif."
012017-jfwm-007,Échantillonnage d'ADN à partir de guano et de tissu,Guano et échantillons de tissu,"['Stress pour les animaux', 'Blessures potentielles']","['We used DNA extracted from tissue and guano samples...', 'For all samples, species determination was confirmed by at least two researchers experienced in bat identification.', 'Guano samples consisted of 1-5 pellets collected from live-captured bats.', 'Tissue samples varied from 2-to 3-mm wing biopsies from live individuals, to larger pieces of wing or tail membrane from recently dead individuals.']",Invasif,"Le protocole implique la capture et la manipulation d'animaux vivants pour obtenir des échantillons de guano et de tissu, ce qui cause du stress et potentiellement des blessures. Cela remplit le critère d'invasivité 'Contact direct avec l'animal vivant' et 'Capture ou manipulation de l'animal vivant'.","[1, 3]",100% - La méthodologie est détaillée et les termes sont clairs.,Oui,"Le titre de l'article contient explicitement la mention 'Noninvasive Genetic Sampling', ce qui indique que le protocole d'échantillonnage d'ADN à partir de guano et de tissu est présenté comme non invasif."
012017-jfwm-007,Échantillonnage d'ADN à partir de guano,Fèces,"['Perturbation du comportement naturel', 'Impact sur le marquage territorial']","['Researchers cleared buildings of pre-existing guano prior to the beginning of the first sampling period', 'Researchers encountered 90 guano accumulations in 37 buildings throughout the study period, and collected samples of 1-5 guano pellets from each accumulation']",Invasif,"Le protocole implique la collecte de fèces de manière systématique et exhaustive, ce qui peut affecter le comportement naturel des animaux. De plus, il y a un contact direct avec l'animal vivant à travers les fèces.",[],"80% - Justification : La méthodologie est détaillée, mais il manque des informations sur la fréquence et l'intensité de l'échantillonnage.",Oui,Le titre de l'article contient explicitement la mention 'Noninvasive Genetic Sampling' ce qui indique que le protocole d'échantillonnage d'ADN à partir de guano est présenté comme non invasif.
"Non-invasive genetic sampling reveals diet shifts, but little difference in endoparasite richness an",Échantillonnage d'ADN environnemental,ADN environnemental (eDNA),[],"['We used protocols for DNA preservation, extraction and genotyping previously developed and validated for Belizean felids', 'For nDNA, we used a set of seven microsatellite loci (...) and one sex marker (...) specific to felids']",Non invasif,"Le protocole décrit l'utilisation de méthodes d'extraction et de génotypage validées pour les félins du Belize, sans mentionner la capture ou la manipulation des animaux. Les échantillons utilisés sont spécifiques aux félins et ne nécessitent pas de perturbation de l'habitat.",[],80% - Implicite fort,,
"Non-invasive genetic sampling reveals diet shifts, but little difference in endoparasite richness an",Échantillonnage opportuniste de fèces,Fèces,[],"['We collected these reference samples at the Belize Zoo', 'through opportunistic sampling from road-killed animals observed during the scat surveys']",Non invasif,"L'échantillonnage est décrit comme opportuniste, ce qui signifie qu'il n'y a pas de collecte systématique ou exhaustive. De plus, les échantillons sont prélevés sur des animaux tués sur la route, donc il n'y a pas de contact direct avec l'animal vivant ni perturbation du comportement naturel.",[],"80% - La méthodologie est détaillée, mais il manque des informations sur la fréquence et l'intensité de l'échantillonnage.",,
Journal of Zoology - 2015 - Guimaraes - Owl pellets  a wise DNA source for small mammal genetics,Échantillonnage de fèces de rapaces,Fèces,"['Perturbation du comportement naturel', 'Impact sur le marquage territorial']","['Since pellets of raptors are an excellent source of microvertebrate skeletal material, they could also be a rich and convenient source for phylogenetic and phylogeographic studies, provided DNA is sufficiently preserved.', 'We analyzed four pellets from different sites...', 'The pellet collected in 1984...', 'The pellets from Berrechid were collected...']",Invasif,"Le protocole mentionne la collecte de fèces, ce qui peut être invasif selon les règles spécifiques aux mammifères. Bien que le texte indique que les pellets sont une source riche pour l'analyse phylogénétique et phylogéographique, il n'y a pas d'indication que la collecte soit opportuniste ou ponctuelle.",[1],85% - Implicite fort,Non,Le titre de l'article ne contient pas de déclaration globale de non-invasivité. Le protocole détecté comme invasif n'est pas mentionné dans le titre. Le corps de l'article ne contient pas de phrase indiquant explicitement que ce protocole est non invasif.
Molecular Ecology Resources - 2014 - Silva - Genetic identification of endangered North African ungulates using noninvasive,Échantillonnage de fèces non invasif,Fèces,[],"['A total of 456 noninvasive samples, comprising 415 scats (...) were subjected to total DNA extraction.', ""Scats scattered by the wind were discarded. Scats were putatively classified as 'fresh' if mucus was observable or as 'old' if not.""]",Non invasif,"Le protocole mentionne explicitement que les échantillons sont non invasifs et que seuls les fèces dispersés par le vent ont été écartés. Il n'y a pas de capture ou manipulation des animaux, ni d'utilisation d'appâts ou leurres.",['2'],100% - La méthodologie est explicitement détaillée et les termes utilisés sont clairs.,,
Molecular Ecology Resources - 2014 - Silva - Genetic identification of endangered North African ungulates using noninvasive,Échantillonnage de poils non invasif,Poils,[],"['Hairs (...), samples were extracted using the QIAamp DNA Micro Kit (Qiagen ).']",Non invasif,Les poils sont considérés comme non invasifs car ils sont naturellement perdus par les animaux. Il n'y a pas de mention de capture ou de manipulation des animaux.,[],"80% - La méthodologie est explicitement mentionnée, mais il manque des informations sur la fréquence et l'intensité de l'échantillonnage.",,
American J Primatol - 2013 - Barelli - Extra‐pair paternity confirmed in wild white‐handed gibbons,Collecte et extraction d'ADN à partir de fèces,Fèces,"[""Stress potentiellement causé à l'animal""]","['We collected about 10 g of feces from target animals using disposable gloves directly after an individual had defecated.', 'Between 1996 and 2005, UR, CB and colleagues collected 656 feces preserved in 70% ethanol [Kohn et al., 1995] or RNAlater (Ambion) [Nsubuga et al., 2004], or dried in silica gel beads [Wasser et al., 1997].', 'In addition, between 2010 and 2011, K.M. collected 320 feces using the two-step storage method [Matsudaira et al., 2013;Nsubuga et al., 2004].']",Invasif,"Le protocole implique la collecte de fèces directement après que l'animal ait déféqué, ce qui nécessite un contact direct avec l'animal vivant et une manipulation de ses fèces. Cela remplit donc le critère d'invasivité.",[],100% - La méthodologie est explicitement détaillée et les termes utilisés sont clairs.,Non,Le titre ne contient pas de déclaration globale de non-invasivité. Le protocole détecté comme invasif n'est pas mentionné dans le titre. Il n'y a pas de phrase indiquant explicitement que ce protocole est non invasif dans le corps de l'article.
American J Primatol - 2013 - Barelli - Extra‐pair paternity confirmed in wild white‐handed gibbons,Confirmation de génotypes STR à partir de fèces,Fèces,[],"['For 69.5% of samples (N = 57), STR genotypes were confirmed from two or more independent feces.']",Non invasif,"Le protocole mentionne l'utilisation de fèces indépendantes, ce qui indique que les échantillons ont été prélevés naturellement et sans manipulation ou capture des animaux. Il n'y a pas de signes d'une collecte systématique ou exhaustive.",['2'],100% - L'extrait est explicite et ne laisse pas de place à l'interprétation.,,
American J Primatol - 2013 - Barelli - Extra‐pair paternity confirmed in wild white‐handed gibbons,Extraction d'ADN à partir de fèces desséchées,Fèces,[],"['DNA was extracted using a QIAamp® DNA Stool Mini Kit (Qiagen, Germany).']",Non invasif,"Le protocole décrit l'utilisation de fèces desséchées prélevées à la surface, ce qui est considéré comme non invasif selon les règles spécifiques aux mammifères. Il n'y a pas de mention de capture ou de manipulation des animaux.",['1'],95% - La méthodologie est explicitement détaillée et ne présente pas d'informations manquantes critiques.,,
Noninvasive genotyping of common marmoset (Callithrix jacchus) by fingernail PCR,Échantillonnage d'ADN chez les marmosets vivants et morts,"Sang périphérique, biopsie de l'oreille, tissu de l'ongle, tissus divers","[""Stress pour l'animal"", 'Blessures potentielles', 'Stress potentiellement subi par les animaux lors de la capture ou manipulation']","['Samples including peripheral blood, ear biopsy punches, and fingernail tissue were collected from living marmosets (#1-4).', 'Peripheral blood samples (100 ll) were taken from the femoral vein without sedation using a heparinized syringe.', 'Ear punch biopsy specimens were obtained from the auricle under ketamine anesthesia using a KN-293 ear puncher (2.0 mm diameter: Natsume Seisakusho, Tokyo, Japan).', 'Approximately 2-or 1.5-mm fingernail fragments were clipped from the finger claw without sedation (Figs. 1,4a,b). The fingernails were wiped with ethanol-impregnated cotton, and large debris (typically food debris) was removed with forceps.', 'Next, we gathered various tissues from dead female marmosets (#5-8), which included those that had descended from ectoderm (ear auricle, fingernail, skin, and brain), endoderm (liver, lung, pancreas, and thymus), and mesoderm (blood, spleen, kidney, heart, biceps femoris muscle, bone marrow, mesenteric lymph node, and ovary). These tissues were thoroughly washed in PBS to eliminate extraneous blood prior to DNA extraction.']",Invasif,"Le protocole implique la collecte d'échantillons à partir d'animaux vivants et morts, ce qui entraîne un contact direct avec les animaux vivants et une manipulation de ceux-ci. Cela remplit donc le critère d'invasivité.",['3'],100% - La méthodologie est explicitement détaillée et les termes sont clairs.,Oui,"Le titre de l'article contient explicitement la déclaration 'Noninvasive genotyping of common marmoset (Callithrix jacchus) by fingernail PCR', ce qui indique que le protocole est non invasif."
Piles of scats for piles of DNA deriving DNA of lizards from their faeces,Collecte de fèces chez les mammifères,Fèces,"['Stress potentiellement causé aux animaux par la manipulation de leurs fèces', 'Possibilité de modification du comportement naturel des animaux']","['Scats were sampled from two sources...', 'Scat freshness was assessed based on colour, moisture, compaction, by the presence of a uric acid spot, and by comparison with scats of known age from the captive colony.', 'In each case, scats were collected using forceps that had been cleaned in 90% ethanol between each collection', 'Scats were either frozen at -20°C (Frantz, Pope et al. 2003)', 'Scats to be dried were sprayed with 90% ethanol and then stored on silica beads']",Invasif,"Le protocole implique la collecte de fèces, ce qui peut être considéré comme invasif selon les critères spécifiques aux mammifères. La collecte est décrite comme étant effectuée à partir de deux sources, mais il n'y a pas suffisamment d'informations pour déterminer si cette collecte est systématique ou non. Cependant, l'utilisation d'un terme générique comme 'sampled' peut suggérer une collecte plus invasive.",[1],"75% - Il y a des signaux d'alarme présents, mais il manque des informations critiques pour évaluer pleinement l'impact du protocole.",Non,Le titre de l'article ne contient pas de déclaration globale de non-invasivité. Le protocole détecté comme invasif n'est pas mentionné dans le titre. Le corps de l'article ne contient pas de phrase indiquant explicitement que ce protocole est non invasif.
Piles of scats for piles of DNA deriving DNA of lizards from their faeces,Collecte de fèces chez les reptiles,Scats (fèces),"['Stress pour les animaux', 'Blessures potentielles']","['For captive samples, where an extraction method was successful, both scat and blood samples from a subset of two lizards were sequenced for the mtDNA', 'Once we identified a method for deriving genotypes from wild E. stokesii scats']",Invasif,"Le protocole implique la capture et la manipulation d'animaux vivants pour obtenir des échantillons de sang et de fèces, ce qui cause du stress et potentiellement des blessures. Cela remplit le critère d'invasivité 'Contact direct avec l'animal vivant'.",[],100% - La méthodologie est explicitement détaillée.,Non,"Le titre de l'article mentionne 'Piles of scats for piles of DNA: Deriving DNA of lizards from their faeces', ce qui suggère que le protocole est non invasif. Cependant, il n'y a pas de déclaration explicite dans le corps de l'article affirmant que la collecte de fèces chez les reptiles est non invasive."
gyv205,Échantillonnage de poils chez les mammifères,Poils,"['Stress potentiellement causé aux animaux lors de la capture des poils', 'Perturbation possible du comportement naturel des animaux']","['Researchers often target the fur of mammals when conducting studies that rely on noninvasive genetic sampling', 'Hairs collected from hair-snaring devices provide investigators physical evidence of species presence']",Invasif,"Le protocole implique la capture de poils à l'aide de dispositifs pièges à poils, ce qui est considéré comme invasif selon les critères définis.",['3'],100%,Non,"Le titre de l'article mentionne explicitement 'An evaluation of hair-snaring devices for small-bodied carnivores in southwest China', ce qui implique une évaluation des dispositifs d'échantillonnage de poils pour les petits carnivores, mais ne contient pas de déclaration globale de non-invasivité. De plus, le corps de l'article ne contient pas de phrase indiquant explicitement que le protocole en question est non invasif."
1-s2.0-S1616504713000657-main,Collecte de fèces de loups,Fèces de mammifères,"[""Stress potentiellement causé par la perturbation de l'habitat naturel des loups."", 'Impact sur le marquage territorial.']","['One-hundred and seven fresh (6 ≤ h ≤ 48) wolf faecal samples were collected and stored in 99% ethanol during intensive snow-tracking surveys of resident wolf packs, whose territory was identified by means of snow-tracking and radio-telemetry.']",Invasif,"La collecte est intensive et systématique, ce qui peut perturber le comportement naturel des animaux. De plus, la collecte de fèces sur l'ensemble du territoire des loups peut être considérée comme invasive selon les règles spécifiques pour les fèces de mammifères.",[2],100%,Non,"Le titre de l'article ne mentionne pas explicitement que le protocole est non invasif. De plus, il n'y a aucune phrase dans le corps de l'article qui indique explicitement ou implicitement que la collecte de fèces de loups est non invasive."
046.089.0410,Collecte d'ADN de renard roux,Fèces et poils,"[""Perturbation significative de l'habitat"", 'Modification du comportement naturel']","[""Nous avons collecté des données sur les renards roux pendant octobre 2012-mai 2013 et octobre 2013-juin 2014 en utilisant des méthodes de surveillance non invasives, y compris les stations de caméras et les dispositifs d'accrochage de poils (Figura et Knox 2010), dans le cadre d'un projet de recherche sur les carnivores forestiers (McFadden-Hiller et Hiller 2014, McFadden-Hiller et Hiller 2015)."", ""En plus des échantillons de poils collectés aux stations de caméras, nous avons effectué des recherches pour collecter des échantillons de fèces près des stations de caméras et dans d'autres zones avec des signes de présence de renards. Les échantillons de poils ont été collectés en utilisant des enveloppes en papier et les échantillons de fèces ont été collectés dans des tubes qui contenaient 95% d'alcool éthylique.""]",Invasif,"Le protocole mentionne la recherche de fèces dans des zones spécifiques, ce qui peut être considéré comme une perturbation de l'habitat et une modification du comportement naturel.",[1],85% - Les termes utilisés dans le protocole sont clairs et permettent une déduction solide.,Non,Le titre ne contient pas de déclaration globale de non-invasivité. Le protocole détecté comme invasif n'est pas mentionné dans le titre. Le corps de l'article ne contient pas de phrase indiquant explicitement que le protocole en question est non invasif.
Applying DNA barcoding to conservation practice a case study of endangered birds and large mammals i,Collecte d'échantillons de fèces et de sang chez les mammifères,Fèces et échantillons de sang,"['Perturbation du comportement naturel', ""Modification de l'habitat"", ""Stress pour l'animal"", 'Blessures potentielles']","['Tissue and faeces samples were stored at -20 °C in 95% ethanol (24 ? 3 individuals).', 'Twenty fresh fecal samples were collected.', 'Some blood samples were collected via physical examination.']",Invasif,"Le protocole mentionne la collecte de fèces et d'échantillons de sang, ce qui peut être invasif selon les règles spécifiques aux mammifères. Il n'y a pas d'indication que la collecte est opportuniste ou ponctuelle.",[3],80% - Justification : La présence de signaux d'alarme et l'absence de signaux de non-invasivité permettent une déduction solide.,Non,Le titre ne contient pas de déclaration globale de non-invasivité. Le protocole détecté comme invasif n'est pas mentionné dans le titre. Le corps de l'article ne contient pas de phrase indiquant explicitement que ce protocole est non invasif.
Applying DNA barcoding to conservation practice a case study of endangered birds and large mammals i,Collecte d'échantillons de plumes et de poils chez les mammifères,Plumes et échantillons de poils,[],['Feather (four individuals) and fur samples (seven individuals) were freeze-dried.'],Non invasif,"Le protocole mentionne uniquement la collecte de plumes et d'échantillons de poils, qui sont considérés comme non invasifs selon les règles spécifiques aux mammifères. Il n'y a pas de mention de capture ou de manipulation des animaux.",[],"80% - La justification est basée sur l'interprétation des règles spécifiques aux mammifères, mais il manque des détails sur la méthode de collecte.",,
s10344-015-0936-2,Collecte d'échantillons non invasifs chez les mammifères,Cheveux et fèces,"['Stress pour les animaux', 'Perturbation du comportement naturel']","['We collected a total of 63 non-invasive samples (30 hair and 33 scat samples).', 'DNA sampled non-invasively through hair and scats']",Invasif,"Le protocole implique la capture d'échantillons de cheveux et de fèces, ce qui peut être considéré comme invasif selon les critères définis. La collecte de fèces est considérée comme invasive si elle est systématique ou exhaustive sur le même territoire.",['2'],"80% - Justification : La méthodologie est explicitement décrite comme non invasive, mais il manque des informations sur la fréquence et l'intensité de l'échantillonnage.",Non,Le titre de l'article mentionne 'monitoring non-invasive' mais ne spécifie pas explicitement que la collecte d'échantillons non invasifs chez les mammifères est non invasive. Le corps de l'article ne contient pas de phrase indiquant explicitement que ce protocole est non invasif.
1-s2.0-S0048969715302552-main,Collecte d'échantillons d'ADN d'otarie,Fèces et poils arrachés,"['Stress potentiellement causé par la manipulation de fèces fraîches', 'Perturbation possible du marquage territorial', 'Stress pour les animaux', 'Blessures potentielles']","['Each site was visited 12 times during a given year. At each site, we only collected fresh otter feces (up to 24 h old). All fresh otter feces were preserved in sterile 50 ml vials with 100% ethanol and stored on ice during the float; samples were refrigerated for long-term storage.', 'Hairs plucked from individual otters were collected in sterile 2 ml tubes filled with dry silica', 'In 2010, for all three river reaches, we collected a total of 314 scats Of the 314 feces collected in 2010, 160 (51%) yielded river otter DNA.', 'In 2010, for all three river reaches, we collected a total of 18 hair samples.', 'In 2011, we collected a total of 24 hair samples.']",Invasif,"Le protocole mentionne la collecte de fèces fraîches et de poils arrachés, ce qui indique une manipulation directe des animaux. De plus, l'utilisation du terme 'all' pour décrire les échantillons collectés suggère une collecte exhaustive et potentiellement perturbatrice.",[3],85% - Les termes utilisés dans le protocole sont clairs et permettent une évaluation solide de l'invasivité.,Non,Le titre ne contient pas de déclaration globale de non-invasivité. Le protocole détecté comme invasif n'est pas mentionné dans le titre. Le corps de l'article ne contient pas de phrase indiquant explicitement que ce protocole est non invasif.
Population size estimation of an Asian elephant population in eastern Cambodia through non-invasivem,Sampling design followed the principles of closed capture-mark-recapture studies with five sampling sessions,Fèces,"['Stress pour les animaux', 'Blessures potentielles']","[""Upon encountering elephant signs, survey teams collected samples from all 'fresh' and 'reasonably-fresh' dung piles following the protocols of Hedges and Lawson (2006).""]",Invasif,"Le protocole implique la capture et le marquage des éléphants, ce qui cause du stress et potentiellement des blessures. Cela remplit donc le critère d'invasivité 'Contact direct avec l'animal vivant'.",[1],95% - Les termes 'closed capture-mark-recapture' et 'marking' sont explicites dans le protocole.,Manque d'informations,"Le titre mentionne 'non-invasive mark-recapture sampling', mais il n'y a pas de déclaration explicite ou implicite dans le corps de l'article concernant la non-invasivité du protocole spécifique détecté comme invasif."
WR13005,Collecte et analyse d'ADN à partir de fèces,Fèces,"['Perturbation du comportement naturel', ""Impact sur l'habitat""]","['Each collection site was split into two 5-km long transects, at least 5 km apart. Four spatially separated scats were collected at every 1-km point along these transects.', 'A small amount (2 cm 2 ) of the outer surface of each scat was scraped and removed with a sterile scalpel to be used in the DNA extraction.']",Invasif,"Le protocole implique la collecte systématique et exhaustive de fèces sur un territoire donné, ce qui peut affecter le comportement naturel des animaux et perturber leur habitat. Cela remplit donc le critère d'invasivité.",[],85% - La méthodologie est détaillée mais il manque des informations critiques pour évaluer complètement l'impact.,Non,Le titre ne contient pas de déclaration globale de non-invasivité. Le protocole détecté comme invasif n'est pas mentionné dans le titre. Le corps de l'article ne contient pas de phrase indiquant explicitement que ce protocole est non invasif.
WR13005,Collecte et analyse d'ADN à partir d'échantillons de tissu,Échantillons de tissu,"['Stress', 'Blessures potentielles']","['We generated 20 complete mitochondrial ND2 sequences from tissue samples from eight medium-large macropod species found in north-eastern Australia (Table 1). Two tissue samples with the greatest geographical separation within Queensland were chosen for each species.', 'DNA was extracted from tissue samples as described by Nicholls et al. (2000).']",Invasif,"Le protocole implique la capture et la manipulation d'animaux vivants pour prélever des échantillons de tissu, ce qui cause du stress et potentiellement des blessures.",[3],100%,Non,Le titre ne contient pas de déclaration globale de non-invasivité. Le protocole détecté comme invasif n'est pas mentionné dans le titre. Le corps de l'article ne contient pas de phrase indiquant explicitement que ce protocole est non invasif.
1-s2.0-S1616504712000778-main,Échantillonnage de fèces par PCR-RFLP,Fèces,"['Impact sur le marquage territorial', 'Stress potentiellement causé par la collecte']","['faecal DNA samples identified by the PCR-RFLP method and with a complete genotype (Mm0126, Mf013) were analysed', 'Out of 849 faecal samples collected from the entire sympatric distribution range of both marten species in the northern Iberian Peninsula']",Invasif,"La collecte de fèces a été effectuée sur l'ensemble de la distribution sympatrique des deux espèces de martres dans le nord de la péninsule ibérique, ce qui indique une collecte systématique et exhaustive. Cela remplit le critère d'invasivité 'Perturbation significative de l'habitat'.",[1],95% - Les informations sont claires et permettent une évaluation solide de l'invasivité.,Non,Le titre ne contient pas de déclaration globale de non-invasivité. Le protocole détecté comme invasif (Échantillonnage de fèces par PCR-RFLP) n'est pas mentionné dans le titre et il n'y a aucune phrase dans le corps de l'article qui indique explicitement que ce protocole est non invasif.
Minhs_et_al_2015_Kinship,Collecte de fèces pour tous les individus connus,Fèces,"['Perturbation du marquage territorial', 'Stress potentiellement causé par la collecte de fèces']","['We collected fecal samples for all known individuals', 'We extracted fecal DNA using the QIAampDNA Stool Kit']",Invasif,"La collecte de fèces pour tous les individus connus indique une approche systématique et exhaustive, ce qui est invasif selon les critères spécifiques aux mammifères.",[1],95% - Les termes utilisés dans le protocole sont explicites et permettent une déduction solide.,Non,Le titre ne contient pas de déclaration globale de non-invasivité. Le protocole de collecte de fèces est décrit mais il n'y a pas de mention explicite ou implicite qu'il est non invasif dans le corps de l'article.
WR13073_Berry_SlowRecruitment,Collecte d'échantillons de poils,Poils,['Stress potentiellement causé par la vérification quotidienne des pièges collants'],"['Nous avons utilisé huit transects... pour entrer dans une parcelle de surveillance contenant des appâts olfactifs et audio', 'Les pièges collants étaient vérifiés quotidiennement et les poils étaient retirés du ruban avec des pinces stérilisées...']",Invasif,"Le protocole mentionne la vérification quotidienne des pièges collants, ce qui indique une fréquence élevée et régulière d'interaction avec les animaux. Cela remplit le critère d'invasivité 'Modification du comportement naturel'.",[3],95% - La méthodologie est explicitement détaillée et contient des termes clairs indiquant l'invasivité.,Non,Le titre ne contient pas de déclaration globale de non-invasivité. Le protocole détecté comme invasif n'est pas mentionné dans le titre. Le corps de l'article ne contient pas de phrase indiquant explicitement que la collecte d'échantillons de poils est non invasive.
quinn2014,Collecte de poils à l'aide de fils barbelés,Poils,"['Perturbation du comportement naturel', 'Blessures potentielles causées par les fils barbelés']","['In 2013, in addition to the cameras, we deployed one strand of four-pronged barbed wire at two locations, averaging 0.18 km apart on each of the six streams.', 'A crew checked each wire for the presence of hair, collected any hair present, sterilized the wire using a butane torch, repaired any damage incurred to the wire, and collected camera memory cards.']",Invasif,"Le protocole implique la manipulation de l'environnement pour collecter des échantillons, ce qui peut perturber le comportement naturel des animaux. De plus, il y a un contact direct avec les poils des animaux via les fils barbelés.",['3'],100%,Non,"Le titre de l'article ne mentionne pas explicitement que le protocole est non invasif. De plus, dans le corps de l'article, il est mentionné que 'Collecte de poils à l'aide de fils barbelés' est un protocole invasif."
quinn2014,Collecte opportuniste de cheveux individuels,Cheveux individuels,[],"['In 2013, a total of 417 individual hair samples were collected on 97 different combinations of stream and day.']",Non invasif,La collecte de cheveux individuels est considérée comme non invasive car elle ne nécessite pas de contact direct avec l'animal vivant et n'entraîne pas de modification du comportement naturel ou de perturbation significative de l'habitat.,[],80% - Justification : La méthodologie est implicitement forte car elle permet une déduction solide basée sur les mots-clés 'individual' et 'opportuniste'.,,
Molecular Ecology Resources - 2014 - Vo - Protocols for metagenomic DNA extraction and Illumina amplicon library,Échantillonnage de fèces chez les oiseaux,Fèces,"[""Stress pour l'animal"", 'Blessures potentielles']","['We obtained faecal samples through sudden lifting of the nestling from the nest, placement of the nestling on a sterilized surface and encouragement of nestling movement (e.g. flapping and crawling) to elicit voidance.', 'NGS analysis of DNA from faecal and swab samples ... contains host, prey and microbial genetic material.']",Invasif,"Le protocole implique la capture et la manipulation de l'animal vivant pour obtenir les échantillons de fèces, ce qui cause du stress et potentiellement des blessures.",[3],100% - La méthodologie est explicitement détaillée et les termes sont clairs.,Non,"Le titre ne contient pas de déclaration globale de non-invasivité. Le protocole d'échantillonnage de fèces chez les oiseaux est décrit dans le corps de l'article, mais il n'y a pas de phrase indiquant explicitement que ce protocole est non invasif."
Molecular Ecology Resources - 2014 - Vo - Protocols for metagenomic DNA extraction and Illumina amplicon library,Analyse NGS d'ADN à partir de fèces et d'échantillons de frottis,Faeces et échantillons de frottis,['Perturbation possible du comportement naturel des animaux dont les échantillons sont prélevés.'],"['NGS can simultaneously sequence target loci in metagenomic extracts from hundreds to thousands of individuals.', 'NGS analysis of DNA from faecal and swab samples ... contains host, prey and microbial genetic material.']",Invasif,"Le protocole implique l'analyse d'ADN à partir d'échantillons de fèces et de frottis, ce qui peut être considéré comme invasif selon les critères généraux car il y a contact direct avec l'animal vivant (même si les animaux ne sont pas capturés ou manipulés). Cependant, il n'y a pas suffisamment d'informations pour déterminer si la collecte est opportuniste ou systématique.",[],"70% - Implicite fort car il y a des éléments permettant une déduction solide, mais il manque des informations critiques sur la fréquence et l'intensité de l'échantillonnage.",Non,Le titre de l'article ne contient pas de déclaration globale de non-invasivité. Le protocole détecté comme invasif n'est pas mentionné dans le titre. Le corps de l'article ne contient pas de phrase indiquant explicitement que ce protocole est non invasif.
Piersonetal2016,Pièges à ADN avec appâts (lure sticks),Pièges à ADN avec appâts (lure sticks),['Modification du comportement naturel des animaux'],"['The detection rates of wildcats with the lure stick method in the Kellerwald-Edersee National Park in central Germany were 0.03-0.15 captures/100 trap nights.', 'To our experience, one trained person can easily handle between 20 and 50 sticks during a sampling period.']",Invasif,"Le protocole implique l'utilisation d'appâts (lure sticks) pour augmenter le rendement des pièges à ADN, ce qui modifie le comportement naturel des animaux. Cela remplit le critère d'invasivité 'Utilisation d'appâts ou leurres modifiant le comportement'.",[2],100% - La méthodologie est explicitement détaillée et les termes utilisés sont clairs.,Non,Le titre ne contient pas de déclaration globale de non-invasivité. Le protocole détecté comme invasif n'est pas mentionné dans le titre. Il n'y a pas de phrase indiquant explicitement que les pièges à ADN avec appâts sont non invasifs dans le corps de l'article.
Piersonetal2016,Collecte d'échantillons d'eau,Eau,[],"['We constructed leaf litterbags measuring approximately 25 cm × 40 cm from 1 cm² plastic mesh.', 'In March 2013 and September 2013, we collected water samples from five streams...']",Non invasif,"Le protocole décrit la collecte d'échantillons d'eau à partir de cinq streams, ce qui ne nécessite pas de contact direct avec les animaux vivants et n'entraîne pas de modification du comportement naturel ou de perturbation significative de l'habitat.",[],"80% - La méthodologie est explicitement décrite, mais il manque des informations sur le contexte environnemental.",,
J Wildl Manag - 2014 - Davidson - Estimating cougar densities in northeast Oregon using conservation detection dogs,Collecte d'échantillons de tissus et de poils chez les cougars,Tissus (biologging) et poils,"['Stress', 'Blessures potentielles']","[""Récemment, Russell et al. (2012) ont estimé les densités de pumas dans le Montana par analyse d'ADN en utilisant une combinaison de biodarting pour obtenir des échantillons de tissus de pumas coincés par des chiens, et de pistage à rebours des pumas pendant l'hiver pour obtenir des échantillons de poils.""]",Invasif,"Le protocole implique la capture de pumas par des chiens pour obtenir des échantillons de tissus, ce qui cause du stress et potentiellement des blessures. Cela remplit le critère d'invasivité 'Contact direct avec l'animal vivant'. De plus, l'utilisation de chiens pour pister les pumas modifie leur comportement naturel.",[3],100% - La méthodologie est explicitement détaillée et les termes sont clairs.,Non,"L'article ne mentionne pas explicitement que la méthode de collecte d'échantillons de tissus et de poils chez les cougars est non invasive. Il est même fait référence à une autre étude qui a utilisé cette méthode, mais sans en préciser le caractère invasif ou non."
J Wildl Manag - 2014 - Davidson - Estimating cougar densities in northeast Oregon using conservation detection dogs,Collecte de fèces chez les mammifères,Fèces,"['Perturbation du marquage territorial', 'Modification du comportement naturel']","['Nous avons collecté toutes les fèces indépendamment de leur état', 'Nous avons collecté des fèces pendant la période du 8 juin au 4 juillet 2011']",Invasif,"La collecte de toutes les fèces, indépendamment de leur état, est considérée comme invasive car elle peut affecter le marquage territorial et perturber le comportement naturel des animaux. Cependant, la collecte de fèces pendant une période précise est considérée comme non invasive.","[1, 2]","95% - Les termes 'toutes' et 'collectées' sont explicites et indiquent clairement l'invasivité de la méthode. Cependant, la collecte de fèces pendant une période précise est considérée comme non invasive.",Non,"L'article ne contient pas de déclaration explicite ou implicite indiquant que la collecte de fèces chez les mammifères est non invasive. Au contraire, l'analyse externe a détecté ce protocole comme étant invasif."
Ecosphere - 2015 - Proffitt - Integrating resource selection into spatial capture‐recapture models for large carnivores,Échantillonnage d'ADN chez les mammifères,"Cheveux (hair), fèces (scat) et échantillons musculaires (muscle samples)","['Stress pour les animaux', ""Blessures potentielles causées par la capture et le prélèvement d'échantillons"", 'Perturbation du comportement naturel des animaux']","['Mountain lion hair, scat, and muscle samples were collected by trackers and houndsmen for genetic analysis to identify individuals.', 'When a fresh mountain lion track was located, the houndsmen would release trained hounds to locate and tree the mountain lion. Muscle samples were collected from treed animals using biopsy darts fired from a CO2-powered rifle (Palmer Cap-Chur brand model 1200c).', 'When older mountain lion tracks were located, a tracker or houndsmen would backtrack the tracks and collect any hair or scat samples along the tracks.', 'During the mandatory check, officers collected a muscle sample from each harvested animal.']",Invasif,"Le protocole implique la capture et la manipulation directe des animaux (pistage, utilisation de chiens d'entraînement pour localiser et poursuivre les pumas, prélèvement d'échantillons musculaires à l'aide de fléchettes de biopsie tirées avec un fusil CO2) ainsi que la collecte de fèces de manière systématique le long des pistes. Cela remplit plusieurs critères d'invasivité : contact direct avec l'animal vivant, capture ou manipulation de l'animal vivant et modification du comportement naturel.","[1, 3]",95% - La méthodologie est détaillée et les termes utilisés sont clairs.,Non,Le titre ne contient pas de déclaration globale de non-invasivité. Le protocole d'échantillonnage d'ADN chez les mammifères est décrit dans l'article mais il n'y a pas de mention explicite ou implicite qu'il est non invasif.
Challenges in the use of genetic mark-recapture to estimate the population size of Bwindi mountain g,Collecte de fèces chez les mammifères,Fèces,"['Perturbation du comportement naturel', ""Perturbation de l'habitat""]","['A total of 298 and 312 fecal samples were collected during Sweeps 1 and 2, respectively.', 'When a recent gorilla trail (less than 5-7 days old) was found, it was followed until nest sites were located.', 'Fecal samples for genetic analysis were collected from all encountered nesting sites of habituated and unhabituated groups and lone silverbacks.']",Invasif,"Le protocole implique la recherche de sites de nidification et la collecte de fèces à partir de tous les sites rencontrés, ce qui indique une perturbation significative de l'habitat. De plus, il n'est pas spécifié si les échantillons ont été collectés après le départ des gorilles. La collecte de fèces est décrite comme opportuniste, ce qui indique qu'elle n'est pas systématique ou exhaustive. Il n'y a pas de mention de capture ou de manipulation des animaux.",['2'],85%,Non,Le titre de l'article mentionne 'genetic mark-recapture' mais ne fait pas de déclaration explicite sur la non-invasivité de cette méthode. Le corps de l'article ne contient pas de phrase indiquant explicitement que la collecte de fèces chez les mammifères est non invasive.
J Wildl Manag - 2014 - Stansbury - A long‐term population monitoring approach for a wide‐ranging carnivore  Noninvasive,NGS techniques,Scat (fèces),[],"['NGS techniques, which use DNA extracted from animal sign such as hair, scat, saliva, urine, or regurgitates', 'We calculated 1) the proportion of fecal samples that were positively identified as wolf using the mtDNA species identification test']",Non invasif,"La collecte de fèces est décrite comme étant opportuniste et ponctuelle, ce qui correspond à la définition d'échantillonnage non invasif pour les mammifères. Il n'y a pas de mention de capture ou de manipulation des animaux.",['2'],70% - Implicite fort,,
J Wildl Manag - 2014 - Stansbury - A long‐term population monitoring approach for a wide‐ranging carnivore  Noninvasive,Echantillonnage strategique et standardise,Fèces et poils,['Perturbation du comportement naturel'],"['Our strategy of using models to identify habitats suitable for use as rendezvous sites and NGS approaches using scat and hair remains was effective and efficient.', 'We improved efficiency from an earlier study (Stenglein et al. 2010a) by reducing sampling time per active site from 5 hours to 3 hours and implementing a strategic and standardized sampling scheme.']",Invasif,"Le protocole implique une collecte systématique et standardisée de fèces et poils, ce qui peut affecter le comportement naturel des animaux.",['2'],100%,Manque d'informations,Le titre mentionne 'Noninvasive Genetic Sampling' mais il ne précise pas si le protocole détecté comme invasif est considéré comme non invasif dans cet article.
J Wildl Manag - 2014 - Stansbury - A long‐term population monitoring approach for a wide‐ranging carnivore  Noninvasive,Echantillonnage de fèces en sites actifs,Fèces,[],"['By sampling from active rendezvous sites in the summer months, our survey method targets fresher, less degraded samples.']",Non invasif,"Le protocole décrit l'échantillonnage de fèces à partir de sites de rendez-vous actifs pendant les mois d'été, ce qui suggère que les échantillons sont prélevés naturellement et sans perturbation du comportement ou de l'habitat des animaux. Il n'y a pas de mention de capture, manipulation ou appâtage.",[],80% - Justification : La méthodologie est implicitement forte car elle permet une déduction solide basée sur les termes utilisés.,,
WultschWaitsKelly2014.pdf.crdownload,Collecte d'échantillons de fèces,Fèces,"['Stress potentiellement causé par la manipulation des fèces', ""Possibilité de modification du comportement naturel si les animaux évitent l'endroit où leurs fèces ont été collectées"", 'Stress potentiellement causé aux animaux par la présence du chien détecteur de fèces.', 'Impact sur le marquage territorial si les fèces sont collectées régulièrement sur le même territoire.']","['From each scat, approximately 0.5 mL sample was collected and stored...', 'Scat samples were collected using disposable gloves and wooden sampling sticks.', 'Faecal samples were detected using a professionally trained scat detector dog...', 'All scat samples located by the scat detector dog, regardless of their appearance or suspected age, were collected and genotyped.']",Invasif,"Le protocole mentionne la collecte de fèces à partir des déjections, ce qui implique un contact direct avec l'animal vivant. De plus, le protocole utilise un chien détecteur de fèces pour localiser les échantillons, ce qui peut être considéré comme une collecte systématique et exhaustive.","[1, 2]",95% - Les termes utilisés dans le protocole sont clairs et permettent une déduction solide.,Non,"Le titre de l'article mentionne explicitement 'noninvasive' mais le protocole détecté comme invasif n'est pas présenté dans le titre. De plus, il n'y a aucune phrase dans le corps de l'article qui indique explicitement que ce protocole est non invasif."
American J Primatol - 2015 - Hans - Characterization of MHC class II B polymorphism in multiple populations of wild,PCR avec deux répliques indépendantes,ADN environnemental (eDNA),[],"['In the present study, DNA sequences were generated from two independent PCR replicates']",Non invasif,"Le protocole décrit l'utilisation de deux répliques PCR indépendantes pour générer des séquences d'ADN. Cela ne implique pas de contact direct avec les animaux vivants, aucune perturbation du comportement naturel et utilise des échantillons déjà abandonnés naturellement (eDNA). Il n'y a pas de mention d'appâts ou leurres modifiant le comportement.",[],"85% - L'utilisation de répliques PCR indépendantes est une indication forte de non-invasivité, mais il manque des détails sur la méthode de collecte de l'eDNA.",,
Fecal samples fail in PCR-based diagnosis of malaria parasite infection in birds,Échantillonnage d'ADN à partir de fèces,Fèces,"['Stress', 'Blessures potentielles']","['Using fecal samples collected in the field', 'We successfully amplified and sequenced bird DNA from fecal samples isolated by both extraction procedures indicating successful DNA isolation from fecal material.']",Invasif,"Le protocole implique la collecte de fèces dans le champ, ce qui peut causer du stress et potentiellement des blessures. Cela remplit le critère d'invasivité 'Capture ou manipulation de l'animal vivant'. Bien que le deuxième extrait mentionne l'isolement réussi de l'ADN à partir d'échantillons de fèces, il n'y a pas de mention de capture ou de manipulation de l'animal vivant, ni de modification du comportement naturel ou de perturbation significative de l'habitat.",['3'],80% - La méthodologie est implicitement forte car elle est basée sur des éléments permettant une déduction solide.,Non,"Le titre de l'article 'Fecal samples fail in PCR-based diagnosis of malaria parasite infection in birds' indique clairement que les échantillons fécaux ne sont pas une méthode efficace pour le diagnostic de l'infection par des parasites du paludisme chez les oiseaux, mais il n'y a aucune affirmation explicite ou implicite dans le corps de l'article selon laquelle cette méthode est non invasive."
Wildlife Society Bulletin - 2013 - Torstrom - Detecting pygmy rabbits  Brachylagus idahoensis  using DNA extracted from,Collecte d'ADN à partir de cheveux et de fèces,Fèces,"[""Dégradation de l'ADN""]","['Obtaining DNA from hair, feces, and other sources allows minimal disruption of the focal species', 'We collected pellets from trays under the cages', 'After 48 hr, we collected pellets in coin envelopes']",Non invasif,"La collecte de fèces est décrite comme opportuniste et ponctuelle, ce qui correspond à la définition d'échantillonnage non invasif pour les mammifères. Il n'y a pas de mention de capture ou de manipulation des animaux.",[],70% - Implicite fort,,
Wildlife Society Bulletin - 2013 - Torstrom - Detecting pygmy rabbits  Brachylagus idahoensis  using DNA extracted from,Prélèvement de plumes,Plumes,"['Stress pour les oiseaux', 'Blessures potentielles']","['Secondary covert feathers were plucked from juvenile herring gulls...', 'Secondary covert feathers were collected from juvenile chickens...', 'Tail feathers were collected from juvenile zebra finches...']",Invasif,"Le protocole implique la manipulation directe des animaux pour prélever les plumes, ce qui est contraire à la définition de l'échantillonnage non invasif.",['3'],100%,Non,Le titre de l'article ne contient pas de déclaration globale de non-invasivité. Le protocole détecté comme invasif n'est pas mentionné dans le titre. Le corps de l'article ne contient pas de phrase indiquant explicitement que le prélèvement de plumes est non invasif.
Feasibility of using scent-baited hair traps to monitor carnivore populations in Peninsular Malaysia,Pièges à poils,Poils,[],"['We used two different hair trap designs...', 'Hair was retrieved from the station at which the tiger rubbed']",Non invasif,"Les pièges à poils sont considérés comme non invasifs car ils ne nécessitent pas de contact direct avec l'animal vivant et n'affectent pas le comportement naturel ni l'habitat. Les poils ont été récupérés à l'endroit où le tigre s'est frotté, ce qui indique que les poils ont été abandonnés naturellement par l'animal sans perturbation ni manipulation.",[],80% - La méthodologie est détaillée mais il manque des informations sur la fréquence et l'intensité de l'échantillonnage.,,
OMearaetal2013,Identification d'espèces à partir de fèces par analyse d'ADN,Fèces,[],['the scats were all identified to species using DNA identification'],Non invasif,"La méthode utilisée pour identifier les fèces est l'analyse d'ADN, ce qui ne nécessite pas de contact direct avec l'animal vivant ni de perturbation du comportement naturel. Il n'y a pas de mention de capture ou de manipulation des animaux.",['DNA identification'],100% - La méthode utilisée est explicitement mentionnée et ne présente aucun signe d'invasivité.,,
s12686-016-0537-8,Collecte d'ADN à partir de toiles d'araignées,Toiles d'araignées,[],['DNA isolation was tested on samples of webbing from two species (...)'],Non invasif,Les toiles d'araignées sont naturellement abandonnées par les araignées et leur collecte ne nécessite pas de contact direct avec l'animal vivant ni de perturbation de son comportement naturel.,[],100% car il y a une information explicite sur le type d'échantillon et sa collecte ne remplit aucun critère d'invasivité.,,
s12686-016-0537-8,Collecte d'ADN à partir de fèces de loups,Fèces,[],"['Wolf scat and tissue samples were collected during 2001-2009.', 'We used GIMLET 1.3.3 (Valie `re 2002) to identify false homozygotes (drop-out alleles) and false alleles by comparing repeated genotypes, construct a consensus genotype from the sets of PCR repetitions for each sample of faeces']",Non invasif,"La collecte de fèces est décrite comme opportuniste, ce qui indique qu'elle n'est pas systématique ou exhaustive. Il n'y a pas mention de capture ou de manipulation des animaux. Le protocole utilise des échantillons de fèces prélevés sans capture ou manipulation directe des animaux.",['2'],100% - La méthodologie est explicitement décrite comme opportuniste. La méthodologie est explicitement détaillée et ne présente pas d'ambiguïté.,,
Gonzalez-Varo_Arroyo_Jordano_2014_MEE,Échantillonnage de fèces chez les mammifères,Fèces,"['Blessures potentiellement causées par la capture', ""Stress pour l'animal"", ""Perturbation de l'habitat"", 'Modification du comportement naturel']","['Over a period of 20 months from May 2007 to December 2008 a total of 334 faecal samples were collected', 'an additional three tissue samples were taken from wolves that had been shot by INPA rangers', 'Once a month INPA rangers placed a cow calf carcass at each feeding site and scanned the site for scats 1 week later. Scats found on the routes leading to the feeding sites were also collected.']",Invasif,"Les échantillons de tissu ont été prélevés sur des loups qui avaient été abattus par les gardiens d'INPA, ce qui implique un contact direct avec l'animal vivant et une capture ou manipulation de l'animal vivant. Le protocole implique la manipulation de carcasses de veaux, ce qui peut perturber l'habitat et modifier le comportement naturel des animaux. De plus, la collecte systématique de fèces sur les routes menant aux sites d'alimentation indique une perturbation significative de l'habitat.",[3],100% car les termes sont explicites,Non,Le titre ne contient pas de déclaration globale de non-invasivité. Le protocole d'échantillonnage de fèces chez les mammifères est décrit dans l'article mais il n'y a pas de mention explicite ou implicite qu'il est non invasif.
Gonzalez-Varo_Arroyo_Jordano_2014_MEE,Échantillonnage de graines régurgitées/faeces chez les oiseaux,Graines régurgitées/faeces,[],"[""In the initial step of extraction, three methods for recovering avian DNA from the surface of the defecated/regurgitated seeds and faeces were evaluated and compared: 'method 1': the seed was wrapped with filter paper following Marrero et al. (2009); 'method 2': the seed surface was rubbed with a sterile cotton swab (Ram on-Laca & Gleeson 2014) soaked in phosphate buffer; and 'method 3': the seed was directly incubated in extraction buffer with rotation but no vortexing.""]",Non invasif,"Les échantillons sont prélevés sur des graines régurgitées ou des fèces, ce qui est considéré comme non invasif selon la définition de Taberlet et al. (1999). Il n'y a pas de capture, manipulation ou perturbation de l'animal vivant.",[],"80% - Justification : La méthodologie est explicitement détaillée, mais il manque des informations sur la fréquence et l'intensité de l'échantillonnage.",,
Gonzalez-Varo_Arroyo_Jordano_2014_MEE,Échantillonnage de fèces chez les mammifères,Fèces,[],['The study design (i.e. sampling at the feeding stations at monthly intervals)'],Non invasif,"Le protocole décrit un échantillonnage de fèces à des intervalles mensuels, ce qui est considéré comme non invasif selon les règles spécifiques aux mammifères. Il n'y a pas de mention de capture ou de manipulation des animaux.",[],80% - Implicite fort,,
J Wildl Manag - 2017 - Brazeal - Noninvasive genetic spatial capture‐recapture for estimating deer population abundance,Échantillonnage de fèces pour la capture et l'analyse,Fèces (pellets),['Perturbation du comportement naturel'],"['We sampled transects every 7-10 days to allow sufficient time for pellets to accumulate for recapture, while minimizing the time pellets were exposed to the environment.', 'We sampled pellets only from piles that appeared sufficiently fresh for DNA extraction (i.e., with a mucous sheen or no sheen but un-cracked). From each pile, we collected 4-6 pellets in a 15-mL centrifuge tube containing a sufficient volume of 95-100% ethanol to submerge all pellets for DNA preservation. We submerged pellets in ethanol on the same day as collection.']",Invasif,"Le protocole implique la capture et la manipulation des fèces pour l'analyse, ce qui peut affecter le comportement naturel de l'animal.",[3],100%,Manque d'informations,"Le titre ne contient pas de déclaration globale de non-invasivité, ni une mention explicite du protocole détecté comme invasif. Le corps de l'article ne contient pas de phrase indiquant explicitement que le protocole en question est non invasif."
J Wildl Manag - 2017 - Brazeal - Noninvasive genetic spatial capture‐recapture for estimating deer population abundance,Extraction d'ADN générique,ADN générique,[],['We extracted DNA using the following methods...'],Non invasif,"Le protocole ne mentionne pas la capture ou la manipulation d'animaux vivants, ni l'utilisation d'appâts ou leurres. Il est donc considéré comme non invasif.",[],100%,,
Molecular Ecology Resources - 2013 - Monteiro - Validating the use of colouration patterns for individual recognition in,Échantillonnage d'ADN à partir de swabs,Swabs,[],"['Pipefish were sampled... Buccal swabs (Isohelix SK2) were used to smoothly swab the fish skin in the abdominal and tail area, thus avoiding the head (in order to prevent eye or opercular damage) and the genital papilla (thus avoiding faecal contamination).', 'Genomic DNA was extracted from swabs of 34 distinct individuals (...)']",Non invasif,"Le protocole décrit l'utilisation d'écouvillons buccaux pour prélever des échantillons de peau sur les poissons, en évitant la tête et les zones génitales. Cela ne nécessite pas de contact direct avec l'animal vivant ni de capture ou manipulation de l'animal vivant. Il n'y a pas non plus de modification du comportement naturel ou de perturbation significative de l'habitat.",[],"80% - La méthodologie est explicitement décrite, mais il manque des informations sur la fréquence et l'intensité de l'échantillonnage.",,
CONICET_Digital_Nro.90b36eae-9c7f-4e4a-8829-3fa48e79856e_B,Collecte de fèces pour entraîner un chien,Fèces,"['Stress pour les animaux sauvages', 'Perturbation du marquage territorial', 'Perturbation du comportement naturel', 'Stress potentiellement causé par la présence du chien']","['The dog was trained using scat samples from both captive and wild animals, for which species identification had been genetically confirmed.', 'Oncilla ... was indicated on by the dog during the first week of sample collection.', 'Scats of jaguar, puma, ocelot and oncilla were collected from June to October 2009 (late fall to early spring) and May to August 2011 when lower daily temperatures were optimal for the detection dog.', 'In 2009, all scats that the dog indicated on were collected, independent of condition']",Invasif,"Le protocole implique la collecte de fèces pour entraîner le chien, ce qui est considéré comme invasif selon les critères spécifiques aux mammifères. La collecte systématique et régulière de fèces peut affecter le comportement naturel des animaux et perturber leur habitat.",[1],95% - Les termes utilisés dans le protocole sont explicites et permettent une évaluation claire de l'invasivité.,Non,Le titre ne contient pas de déclaration globale de non-invasivité. Le protocole détecté comme invasif n'est pas mentionné dans le titre. Le corps de l'article ne contient pas de phrase indiquant explicitement que la collecte de fèces pour entraîner un chien est non invasive.
ActaTheriologica58157-168,Évaluation de la présence minimale d'animaux par comptage des génotypes uniques,Fèces (spraints),"['Perturbation du comportement naturel', ""Impact sur l'habitat""]","['We assessed the minimum number of animals present by counting the number of unique genotypes recorded among all spraint samples collected at the study site', 'This allowed us to obtain high quality DNA profiles of all the otters released from blood samples that were collected prior to the release']",Invasif,"Le protocole implique la collecte systématique et régulière de fèces d'otaries sur une période de 7 mois, ce qui peut être considéré comme invasif selon les critères spécifiques aux mammifères. La collecte mensuelle de fèces peut affecter le comportement naturel des animaux et perturber leur habitat. Cependant, l'évaluation d'invasivité la plus stricte est conservée.",[1],"90% - Les termes 'collected' et 'monthly' indiquent clairement que la collecte est régulière et systématique, ce qui suggère une invasivité selon les critères spécifiques aux mammifères. Cependant, il manque des détails sur la fréquence et l'exhaustivité de la collecte.",Non,"Le titre de l'article mentionne explicitement 'non-invasive genetic sampling', mais il ne précise pas que le protocole spécifique d'évaluation de la présence minimale d'animaux par comptage des génotypes uniques est non invasif. Le corps de l'article ne contient aucune phrase indiquant explicitement que ce protocole est non invasif."
Optimization of DNA extraction in the spiny spider crab Maja brachydactyla determining the best extr,Stockage et séchage des échantillons d'ADN,Échantillons d'ADN,[],"['We stored samples in 125-ml vials with 5.5-cm height and airtight closure (Sarstaedt®). To dry samples, we attached two packages of Silica Gel (Wisepac®) to each vial.']",Non invasif,"Le protocole décrit simplement le stockage et le séchage des échantillons d'ADN dans des récipients hermétiques avec du gel de silice. Il n'y a pas de mention de capture, manipulation ou perturbation des animaux, donc cela correspond à une méthode non invasive.",[],100% car il n'y a pas de signaux d'alarme ou d'informations manquantes critiques.,,
Optimization of DNA extraction in the spiny spider crab Maja brachydactyla determining the best extr,Extraction d'ADN à partir d'échantillons non invasifs,Fèces/Eufs,[],"['Reliable individual genotypes are obtained by analyzing DNA extracted from biological samples such as hair, feces, urine, and blood traces that are noninvasively collected', 'The DNA of these eggs was extracted using the Nucle-oSpin Tissue kit']",Non invasif,"Le protocole mentionne explicitement que les échantillons sont collectés de manière non invasive. Il n'y a pas de mention de capture, manipulation ou perturbation des animaux. L'extraction d'ADN à partir d'œufs est considérée comme non invasive car il n'y a pas de contact direct avec l'animal vivant et les œufs sont considérés comme des échantillons déjà abandonnés naturellement.",[],"80% - Justification : La méthodologie est explicitement décrite comme non invasive, mais il manque des informations sur la fréquence et l'intensité de l'échantillonnage. L'évaluation est basée sur l'interprétation du terme 'extraction' et il n'y a pas d'informations supplémentaires pour confirmer ou infirmer cette interprétation.",,
Optimization of DNA extraction in the spiny spider crab Maja brachydactyla determining the best extr,Collecte invasive de fèces le long de trails,Fèces,"['Modification du comportement naturel', ""Perturbation significative de l'habitat""]","['Samples were collected from March 2000 to June 2009 by more than 150 trained collaborators...', 'Feces were collected along a total of approximately 160 trails or country roads averaging about 6.1 km in length.']",Invasif,"La collecte de fèces est systématique et exhaustive le long de 160 trails ou routes, ce qui peut affecter le comportement naturel des animaux et perturber leur habitat.",[],90% - Les termes 'systematic' et 'exhaustive' indiquent clairement une collecte invasive.,Non,Le titre ne contient pas de déclaration globale de non-invasivité. Le protocole détecté comme invasif n'est pas mentionné dans le titre. Le corps de l'article ne contient pas de phrase indiquant explicitement que ce protocole est non invasif.
Optimization of DNA extraction in the spiny spider crab Maja brachydactyla determining the best extr,Extraction d'ADN environnemental non invasive,ADN environnemental,[],['DNA extraction was performed using 20% Chelex following standard protocols (Walsh et al. 1991)'],Non invasif,"Le protocole mentionne l'utilisation de méthodes standards pour l'extraction d'ADN, ce qui suggère que le prélèvement est non invasif. Il n'y a pas de mention de capture ou de manipulation d'animaux vivants.",[],70% - Implicite fort,,
fish_scales_as_a_nonlethal_screening,Collecte d'écailles de poisson,Écailles,[],['The fish scales were collected in polyethylene bags by gently scraping the caudal portion of the body with forceps.'],Non invasif,"Les écailles sont prélevées après leur chute naturelle, sans capture ou manipulation de l'animal vivant. Il n'y a pas de modification du comportement naturel ni de perturbation significative de l'habitat.",[],"80% - La méthode est décrite comme douce, mais il manque des informations sur la fréquence et l'intensité de l'échantillonnage.",,
fish_scales_as_a_nonlethal_screening,Collecte d'ADN environnemental,ADN environnemental (eDNA),[],"['The experimental samples were collected from the Ravi River near Shahdhra, Lahore, Pakistan']",Non invasif,"Le protocole mentionne la collecte d'ADN environnemental à partir de l'eau du Ravi River, ce qui est considéré comme non invasif selon les critères spécifiques aux échantillons d'ADN environnemental.",[],"80% - Implicite fort, car il est implicitement sous-entendu que l'échantillonnage se fait sans perturbation de l'habitat.",,
fish_scales_as_a_nonlethal_screening,Prélèvement de muscles de poisson,Muscles entiers,"['Blessures potentielles causées par la capture et la manipulation des poissons.', 'Stress potentiellement subi par les animaux.']","['Fish muscles were chopped into approximately 10-g pieces.', 'Whole-body muscles were digested using the wet digestion method according to the procedure described by [18].']",Invasif,"Le protocole implique la capture et la manipulation des poissons pour prélever les muscles, ce qui remplit le critère d'invasivité 'Contact direct avec l'animal vivant'.",[3],100% - La méthodologie est explicitement détaillée.,Manque d'informations,Le titre ne mentionne pas explicitement que le prélèvement de muscles de poisson est non invasif. Le corps de l'article ne contient pas de déclaration explicite ou implicite concernant la non-invasivité de ce protocole.
Wildlife Biology - 2014 - Goode - Capture recapture of white‐tailed deer using DNA from fecal pellet groups,Collecte d'échantillons de fèces,Fèces,[],"['Scat and hair are the most common sources of DNA obtained for genetic sampling', 'Fecal pellets were analyzed for individual genetic profiles and gender determination.', 'We collected only pellets adjacent to each other within the pellet group and excluded pellets scattered more than about 0.1 m from the center of the group']",Non invasif,"La collecte est décrite comme opportuniste et partielle, sans capture ou manipulation des animaux. Les échantillons sont prélevés après le départ de l'animal.",['2'],"80% - L'interprétation est basée sur les termes utilisés pour décrire la collecte des fèces, mais il manque des informations sur la fréquence et l'intensité de l'échantillonnage.",,
rmrs_2015_schoenecker_k001,Collecte d'échantillons de fèces de mammifères,Fèces,"['Perturbation du comportement naturel', ""Impact sur l'habitat"", 'Stress pour les animaux']","['About 10 to 15 g of fresh dung samples (not more than 24 h old) were collected in plastic vials containing DMSO EDTA Tris salt saturated (DETs) buffer', ""We sampled from a small but accessible portion of the population's range where animals naturally congregate at a natural mineral lick to test whether we could accurately estimate population size by sampling from an area where animals concentrate."", 'We collected bighorn sheep fecal samples between May and October in 2009 and 2010...', 'Backcountry samples were only collected in July and August due to inaccessibility prior to those months, and were included in pooled estimates for those occasions only.']",Invasif,"Le protocole implique la collecte de fèces de mammifères, ce qui est considéré comme invasif selon les règles spécifiques aux mammifères. La collecte de fèces peut affecter le comportement naturel des animaux et perturber leur habitat. De plus, l'utilisation de modèles de capture fermée dans Program MARK pour estimer la taille de population nécessite la manipulation et la capture des animaux.","[1, 3]","85% - Les termes utilisés dans le protocole sont clairs et permettent une déduction solide. Cependant, il manque des informations sur la fréquence et l'intensité de l'échantillonnage.",Oui,"Le titre de l'article contient explicitement la mention 'noninvasive sampling', ce qui indique que le protocole utilisé est non invasif."
anu12189,Echantillonnage de fèces chez les mammifères,Fèces,"['Stress pour les animaux', ""Perturbation significative de l'habitat"", 'Modification du comportement']","['The DNA extraction kit used in this study satisfied the quality level required for DNA-based analysis of H. guttulatus faeces.', 'Systematic detection in faeces of the prey ingested the previous day, together with the PCR success rate, validate the accuracy of the protocol.', 'Faecal samples were collected in all the feeding trials.', 'The temporal frame of molecular analysis in faeces ranged from 24 h to 72 h.']",Invasif,"Le protocole implique la détection systématique dans les fèces de l'espèce prélevée la veille, ce qui indique une manipulation des animaux ou de leurs habitats. Cela remplit le critère d'invasivité 'Modification du comportement naturel'. Le protocole mentionne également la collecte de fèces dans tous les essais d'alimentation, ce qui indique une approche systématique et exhaustive.",[2],85% - Les termes utilisés dans le protocole indiquent une invasivité implicite forte.,Non,Le titre ne mentionne pas explicitement que le protocole est non invasif. Le corps de l'article ne contient pas de déclaration explicite ou implicite indiquant que ce protocole est non invasif.
Aquatic Conservation - 2016 - Boothroyd - Environmental DNA  eDNA  detection and habitat occupancy of threatened spotted,Échantillonnage d'ADN par fyke nets,eDNA,"[""Capture et manipulation d'animaux"", 'Modification du comportement naturel']","['Locations with known and historically documented occurrences of spotted gar in Canada (Table 1, Figure 1) were sampled for eDNA testing.', 'A total of 47 fyke net sets, averaging 24 h, were set at multiple sites in Long Point Bay between 28 May and 7 June 2012, during the known spawning season for spotted gar (Tyler and Granger, 1984;Snedden et al., 1999;Glass et al., 2012).', 'Water samples for eDNA testing were collected at each recent and historically known location for spotted gar (Table 1, Figure 1), sampling 10 sites within each general location and taking five replicate 1 L water samples per site.']",Invasif,"Le protocole implique l'utilisation de fyke nets, qui sont des pièges pour les poissons. Cela entraîne un contact direct avec l'animal vivant et une modification du comportement naturel.",['3'],100% - La méthodologie est détaillée et les termes utilisés sont clairs.,Non,"Le titre ne contient pas de déclaration globale de non-invasivité. Le protocole d'échantillonnage par fyke nets est présenté comme une méthode utilisée pour l'étude, mais il n'y a pas de mention explicite ou implicite dans le corps de l'article indiquant que cette méthode est non invasive."
Austral Ecology - 2014 - Nuske - Common species affects the utility of non‐invasive genetic monitoring of a cryptic,Collecte de poils à l'aide de pièges,Poils,"['Stress pour les animaux', 'Blessures potentielles']","['Two-hundred and sixty-two hair traps were sampled on 14 occasions', 'Hair was sampled on 372 trap days']",Invasif,"Le protocole implique l'utilisation de pièges à poils, ce qui constitue une manipulation directe des animaux. Cela remplit le critère d'invasivité 'Contact direct avec l'animal vivant'.",[3],100% - La méthodologie est explicitement détaillée.,Non,Le titre mentionne explicitement que le protocole utilisé est non invasif.
Austral Ecology - 2014 - Nuske - Common species affects the utility of non‐invasive genetic monitoring of a cryptic,Collecte de poils à partir d'individus capturés en cage,Poils,"['Stress pour les animaux', 'Blessures potentielles lors de la capture']",['Known bridled nailtail wallaby hairs were obtained from cage-trapped individuals'],Invasif,"Le protocole implique la capture des animaux pour obtenir les échantillons de poils, ce qui remplit le critère d'invasivité 'Contact direct avec l'animal vivant'.",[3],100% - La méthodologie est explicitement détaillée.,Non,"Le titre de l'article mentionne explicitement que la méthode utilisée est non invasive ('non-invasive genetic monitoring'). Cependant, le protocole détecté comme invasif ('Collecte de poils à partir d'individus capturés en cage') n'est pas présenté dans le titre comme non invasif. De plus, il n'y a aucune phrase dans le corps de l'article qui indique explicitement que ce protocole est non invasif."
the_estimation_of_grizzly_bear_density_through_hair-snagging_techniques_above_the_tree_line,Collecte de cheveux sur des stations avec inspection régulière,Cheveux,"['Stress potentiellement causé par la manipulation des animaux', 'Impact sur le marquage territorial']","['We inspected each station twice...At each post, we collected each hair clump in a separate paper envelope labelled with date, post number, post side, and barbed-wire loop number to allow subsampling later on (Tredick et al. 2007) and to limit the risk of mixed samples.', 'We used a blow torch to burn any remaining hair from the station after sampling.']",Invasif,Le protocole implique la manipulation de l'animal vivant (collecte de cheveux) et une modification du comportement naturel (utilisation d'un blow torch pour brûler les cheveux restants).,[3],100% - La méthodologie est explicitement détaillée et les termes utilisés sont clairs.,Non,Le titre ne contient pas de déclaration globale de non-invasivité. Le protocole détecté comme invasif n'est pas mentionné dans le titre. Le corps de l'article ne contient pas de phrase indiquant explicitement que ce protocole est non invasif.
the_estimation_of_grizzly_bear_density_through_hair-snagging_techniques_above_the_tree_line,Collecte de poils d'ours sur différents types de dispositifs,Poils,"['Perturbation du comportement naturel des ours', ""Impact sur l'habitat""]","['The primary devices used to collect bear hair include barbwire corals set up between trees in forested areas (Woods et al. 1999, Proctor et al. 2010)', 'natural bear-rub trees (Boulanger et al. 2008, Kendall et al. 2009, Stetz et al. 2010)', 'power poles (Karamanlidis et al. 2010)']",Invasif,"Les dispositifs utilisés pour collecter les poils d'ours impliquent la manipulation de l'environnement naturel des ours, ce qui peut perturber leur comportement et leur habitat. La collecte de poils sur des pièges en fil barbelé ou sur des arbres frottés par les ours est invasive car elle implique une modification de l'habitat naturel des ours.",[3],100% car les dispositifs utilisés pour collecter les poils d'ours impliquent clairement une modification de l'environnement naturel des ours.,Non,Le titre ne contient pas de déclaration globale de non-invasivité. Le protocole détecté comme invasif n'est pas mentionné dans le titre. Le corps de l'article ne contient pas de phrase indiquant explicitement que ce protocole est non invasif.
the_estimation_of_grizzly_bear_density_through_hair-snagging_techniques_above_the_tree_line,Utilisation de caméras à distance pour détecter les visites d'ours,Cheveux,[],['We used remote cameras with passive infra-red sensors to detect the date and time of bear visits at a subsample of the hair-snagging stations'],Non invasif,Le protocole utilise des caméras à distance avec des capteurs infrarouges passifs pour détecter les visites d'ours sans contact direct avec l'animal vivant ni perturbation de son comportement naturel. Il n'y a pas d'utilisation d'appâts ou leurres.,[],80% - L'utilisation de caméras à distance avec des capteurs infrarouges passifs est une méthode non invasive couramment utilisée pour observer les animaux sauvages sans les perturber.,,
Ecology and Evolution - 2017 - Berry - DNA metabarcoding for diet analysis and biodiversity  A case study using the,Collecte et analyse d'ADN à partir de fèces de mammifères,Fèces,['Aucun impact connu'],"['36 fecal samples were collected in sterile containers', 'Scats were subsampled (100-290 mg)', 'Fusion PCR reactions were performed on DNA extracts (...) in duplicate']",Non invasif,"La collecte de fèces est décrite comme opportuniste, ce qui indique qu'elle n'est pas systématique ou exhaustive. Selon les règles spécifiques aux fèces de mammifères, une collecte ponctuelle et opportuniste est considérée comme non invasive.",[2],70% - Implicite fort,,
Ecology and Evolution - 2016 - Spitzer - Estimating population size using single‐nucleotide polymorphism‐based pedigree,Collecte d'échantillons fécaux,Fèces,[],"['Fecal samples were collected by volunteers, predominantly moose (Alces alces)-hunters']",Non invasif,"La collecte est effectuée par des bénévoles, principalement des chasseurs de cerfs, ce qui indique une méthode opportuniste et non invasive. Il n'y a pas de mention de capture ou de manipulation des animaux.",['2'],100% - La méthodologie est explicitement décrite et ne présente aucun signe d'invasivité.,,
Guerrero-MitochondrialDNAdiversity-2015,Collecte d'échantillons non invasifs chez les mammifères,Fèces/Tissu musculaire et poils,['Stress potentiellement causé aux animaux en captivité lors de la collecte des échantillons'],"['During the surveys, otter habitat was visited in the early morning hours to collect fresh fecal samples;', 'In addition, we collected muscle tissue and hair from specimens found dead in the field (n = 6)', 'through collaboration with local zoos, we obtained hair samples (n = 6) from specimens that died in captivity.']",Invasif,"Le protocole implique la collecte de tissu musculaire et de poils sur des spécimens trouvés morts dans la nature ou en captivité, ce qui nécessite un contact direct avec l'animal vivant. De plus, la collaboration avec les zoos locaux peut être considérée comme une manipulation d'animaux morts. La collecte de fèces est effectuée pendant les premières heures du matin, ce qui indique une approche opportuniste et non systématique. Il n'y a pas mention d'une capture ou manipulation des animaux.",['3'],70% - Implicite fort,Non,Le titre ne mentionne pas explicitement que le protocole est non invasif. Le corps de l'article ne contient pas de phrase indiquant explicitement que la collecte d'échantillons non invasifs chez les mammifères est non invasive.
Molecular Ecology - 2016 - Madden - The diversity of arthropods in homes across the United States as determined by,Collecte d'échantillons de poussière,Échantillons de poussière,[],"['dust samples could be collected by the citizen scientist volunteers -requiring mere minutes per home. A swab of settled dust from door trim revealed arthropod diversity in the home.', 'DNA was extracted from swabs using MoBio Power-Soil-htp kits']",Non invasif,"Les échantillons de poussière sont collectés à partir des surfaces où elles se déposent naturellement, sans perturbation ni manipulation directe des animaux. La collecte est ponctuelle et opportuniste.",[],"80% - Justification : La méthodologie est explicitement décrite, mais il manque des informations sur la fréquence et l'intensité de l'échantillonnage.",,
Journal of Fish Biology - 2013 - Janse - Paternity testing using the poisonous sting in captive white‐spotted eagle rays,Extraction d'ADN à partir des piquants,Stingers,[],['The sting of Myliobatiformes has an epidermal tissue from which DNA can be extracted.'],Non invasif,"Le protocole mentionne que l'ADN est extrait de la peau des piquants, qui sont naturellement perdus par les poissons. Il n'y a pas de capture ou manipulation directe des animaux.",[],"80% - L'interprétation est basée sur des éléments partiels, mais il y a une déduction solide que le prélèvement est non invasif.",,
Using molecular scatology to identify aquatic and terrestrial prey in the diet of a riparian predator  the Plumbeous Water Redstart Phoenicurus fuligi,Collecte de fèces d'Oiseau,Fèces,[],['Plumbeous Water Redstart faeces were collected from the riparian zone of a mountain stream'],Non invasif,"La collecte de fèces est décrite comme opportuniste, ce qui indique qu'elle n'est pas systématique ou exhaustive. Il n'y a pas mention de capture ou manipulation des animaux.",['2'],"80% - La méthodologie est implicitement décrite, mais il manque des informations sur la fréquence et l'intensité de l'échantillonnage.",,
Using molecular scatology to identify aquatic and terrestrial prey in the diet of a riparian predator  the Plumbeous Water Redstart Phoenicurus fuligi,Prélèvement sanguin chez Oiseau,Sang,"[""Stress pour l'oiseau"", 'Blessures potentielles']","['One Plumbeous Water Redstart was mist-netted and a small amount of blood (12.5 ul) was extracted by puncturing the brachial vein.', 'The bird was released and the blood sample was stored in 95% ethanol']",Invasif,"Le protocole implique la capture de l'oiseau et la manipulation pour prélever le sang, ce qui cause du stress et potentiellement des blessures. Cela remplit donc le critère d'invasivité 'Contact direct avec l'animal vivant' et 'Capture ou manipulation de l'animal vivant'.",['3'],100%,Non,Le titre ne contient pas de déclaration globale de non-invasivité. Le protocole détecté comme invasif n'est pas mentionné dans le titre. Il n'y a pas de phrase indiquant explicitement que le prélèvement sanguin chez l'oiseau est non invasif dans le corps de l'article.
s12686-016-0574-3,Koala scat samples were collected,Fèces et tissu d'oreille,"['Stress animalier', 'Blessures potentielles', ""Stress pour l'animal"", 'Perturbation du marquage territorial']","['Koala scat samples were collected...', 'DNA was also isolated from ear tissue samples... Approximately 3 mm square was excised from ear samples and cut into small pieces.', 'Scat samples were collected from six koalas...', 'To assess detection reproducibility...DNA was isolated from three different scats collected beneath each koala...']",Invasif,"Le protocole implique la manipulation de l'animal vivant (excision et découpe du tissu d'oreille) pour obtenir des échantillons, ce qui cause potentiellement du stress et des blessures. La collecte de fèces peut affecter le comportement naturel des animaux et perturber leur habitat.","[3, 1]",95% - Les informations sont claires et permettent une évaluation explicite de l'invasivité.,Oui,Le titre de l'article contient une déclaration globale de non-invasivité.
s12686-016-0574-3,KoRV-A copy number DNA from tissues and scat samples were screened,Tissus et échantillons de fèces,[],['KoRV-A copy number DNA from tissues (n = 50) and additional scat samples (n = 117) collected in the South Gippsland region were also screened for KoRV (data not shown).'],Non invasif,"Le protocole mentionne uniquement la collecte d'échantillons de tissus et de fèces, sans aucune indication de capture ou de manipulation des animaux. La collecte de fèces est considérée comme non invasive selon les règles spécifiques aux mammifères.",[],"80% - La justification est basée sur les règles spécifiques aux mammifères, mais il manque des informations sur la fréquence et l'exhaustivité de la collecte des fèces.",,
Journal of Fish Biology - 2013 - Reinardy - Assessment of DNA damage in sperm after repeated non‐invasive sampling in,Extraction sublethale de spermatozoïdes chez les mammifères,Spermatozoïdes,"['Stress', 'Blessures']",['damage following sublethal sperm extraction was tested'],Invasif,"Le protocole implique la manipulation de l'animal vivant pour prélever les spermatozoïdes, ce qui cause potentiellement du stress et des blessures.",['3'],100%,Oui,Le titre de l'article contient explicitement la mention 'non-invasive sampling' ce qui indique que le protocole utilisé est non invasif.
zsj.30.742,Échantillonnage d'ADN chez les oiseaux,Échantillons de sang et ADN,"['Stress pour les animaux', 'Blessures potentielles']","['Blood samples from 33 crested ibis individuals whose sexes were known from management records (20 males and 13 females) were collected from the Shaanxi Crested Ibis Captive Breeding Center, Yangxian County, Shaanxi Province, China in 2010.', 'The PCR product of a male bird amplified using P2/P8 primers was purified and then directly sequenced using the two PCR primers', 'The two PCR products from a female were ligated into a pMD 18-T vector (TaKaRa, China) and transformed into DH5α-competent cells']",Invasif,"Le protocole implique la collecte d'échantillons de sang chez des individus vivants, ce qui remplit le critère d'invasivité 'Contact direct avec l'animal vivant'. Bien que certaines étapes du processus soient non invasives (purification et séquençage direct, ligation dans un vecteur), la collecte initiale est invasive.",[],100% - La méthodologie est explicitement détaillée.,Non,Le titre ne contient pas de déclaration globale de non-invasivité. Le protocole détecté comme invasif n'est pas mentionné dans le titre. Il n'y a pas de phrase indiquant explicitement que ce protocole est non invasif dans le corps de l'article.
chunking,Échantillonnage d'ADN environnemental,ADN environnemental/Cheveux,"['Stress animalier', 'Blessures potentielles']","['For example, most eDNA sampling and DNA trapping methods do not require researcher and subject to be present at the same time and place.', 'Examples of DNA trapping that are non-disruptive include remote plucking or hair trapping by means of unbaited hair snag traps (Magoun et al., 2011;Rovang et al., 2015) or tape (Banks et al., 2003;Henry et al., 2011) placed at well-used runs.', 'Environmental DNA sampling includes field collection of faeces (e.g. (Mannise et al., 2018)) as long as these do not affect territory marking (see section 3.2), DNA collection from footprints in the snow, such as those from the Swedish Arctic fox (Vulpes lagopus) (Dalén & Götherström, 2007), and from saliva on twigs, such as from ungulate browsing (Nichols et al., 2012).', 'researchers employed bait or lures to increase the yield of their traps', 'modified body snares at otter latrine sites, to collect hair']",Invasif,"Le protocole décrit l'utilisation de méthodes d'échantillonnage d'ADN environnemental qui ne nécessitent pas la présence du chercheur et de l'animal au même endroit et en même temps. Les exemples donnés sont non perturbateurs, tels que le prélèvement à distance de poils ou de pièges à poils non appâtés placés sur des parcours bien utilisés. L'échantillonnage d'ADN environnemental inclut également la collecte de fèces dans le champ, à condition qu'elle n'affecte pas le marquage territorial. Il est également mentionné que lorsque l'ADN est collecté en présence de l'animal, les effets du prélèvement peuvent être minimisés en évitant ou en limitant considérablement la manipulation. Cependant, l'utilisation d'appâts ou de leurres pour augmenter le rendement des pièges à ADN modifie le comportement naturel des animaux et ne correspond pas à une méthode entièrement non invasive. De plus, la modification de pièges corporels sur les sites de latrines d'otaries pour collecter des cheveux implique un contact direct avec l'animal vivant.",['2'],90% - La méthodologie est explicitement détaillée et les termes utilisés sont clairs.,Erreur: [Errno 2] No such file or directory: 'RAG/output_invasive_detection/chunking.json',Erreur lors de l'analyse
Wildlife Society Bulletin - 2015 - Miles - A paired comparison of scat‐collecting versus scat‐swabbing methods for,Fecal sampling and genetic analyses of scats,Fèces,"['Stress pour les animaux', ""Perturbation de l'habitat""]","['Noninvasive fecal sampling and genetic analyses of scats are used increasingly in wildlife research', 'We collected 104 putative mesocarnivore scats for this study during May-September 2013 (n = 79) and January-February 2015 (n = 25). We resampled transects every 2-3 weeks, collecting all mesocarnivore scats encountered.', 'In the field, we collected scats in individually labeled paper sacks and recorded whether scats appeared fresh (<2 days old), moderate-aged (2-4 days old), or older (>4 days). Within 12 hr of collection, we transferred a portion of each scat (approx. 2 g) into >4 parts (approx. 8-12 mL) 95-100% ethanol in a 15-mL tube and swabbed the unsampled portion of the same scat.']",Invasif,"Le protocole mentionne la collecte de toutes les fèces rencontrées le long des transects toutes les 2-3 semaines, ce qui indique une collecte systématique et exhaustive. Cela peut affecter le comportement naturel des animaux et perturber leur habitat.",[],100% - Les termes utilisés et les méthodes décrites sont explicites.,Non,"Le titre 'Tools and Technology' ne contient pas de déclaration globale de non-invasivité. Le protocole détecté comme invasif ('Fecal sampling and genetic analyses of scats') n'est pas présenté dans le titre comme non invasif. Dans le corps de l'article, il n'y a pas de phrase indiquant explicitement que ce protocole est non invasif."
Molecular Ecology Resources - 2013 - Clozato - Historical and non‐invasive samples  a study case of genotyping errors in,Échantillonnage de cheveux arrachés chez les mammifères,Cheveux arrachés,"[""Stress pour l'animal"", 'Blessures potentielles']",['A total of 19 non-invasive samples of plucked hair from individualized specimens were used'],Invasif,"Les cheveux ont été arrachés directement de l'animal dans le champ, ce qui implique un contact direct avec l'animal vivant et une modification du comportement naturel.",[3],100%,Non,Le titre ne mentionne pas explicitement que le protocole est non invasif. Le corps de l'article ne contient pas de phrase indiquant explicitement que ce protocole est non invasif.
A non-invasive tool for assessing pathogen prevalence in koala (Phascolarctos cinereus) populations,Échantillonnage d'ADN chez les koalas,Fèces et tissu d'oreille,"['Stress animalier', 'Blessures potentielles', ""Stress pour l'animal"", 'Perturbation du marquage territorial']","['Koala scat samples were collected...', 'DNA was also isolated from ear tissue samples... Approximately 3 mm square was excised from ear samples and cut into small pieces.', 'Scat samples were collected from six koalas...', 'To assess detection reproducibility...DNA was isolated from three different scats collected beneath each koala...']",Invasif,"Le protocole implique la manipulation de l'animal vivant (excision et découpe du tissu d'oreille) pour obtenir des échantillons, ce qui cause potentiellement du stress et des blessures. La collecte de fèces peut affecter le comportement naturel des animaux et perturber leur habitat.","[3, 1]",95% - Les informations sont claires et permettent une évaluation explicite de l'invasivité.,Oui,Le titre de l'article contient une déclaration globale de non-invasivité.
Wildlife Society Bulletin - 2013 - Holbrook - Population genetics of jaguarundis in Mexico  Implications for future,Capture des jaguars avec des pièges à Tomahawk,Sang,"['Stress pour les animaux', 'Blessures potentielles']","[""Pour capturer les jaguars, nous avons utilisé des pièges à Tomahawk en fil d'acier""]",Invasif,"Le protocole implique la capture des jaguars, ce qui entraîne un contact direct avec l'animal vivant et une modification du comportement naturel.",[3],100% - La méthodologie est explicitement détaillée.,Non,"Le titre ne contient pas de déclaration globale de non-invasivité. Le protocole de capture des jaguars avec des pièges à Tomahawk n'est pas mentionné dans le titre. Dans le corps de l'article, il est explicitement indiqué que les auteurs ont utilisé des pièges à Tomahawk en fil d'acier pour capturer les jaguarundis, mais il n'y a aucune mention explicite ou implicite selon laquelle ce protocole serait non invasif."
J Wildl Manag - 2016 - Morin - Monitoring coyote population dynamics with fecal DNA and spatial capture recapture,Collecte d'ADN fécal chez les mammifères,Fèces,"['Perturbation du comportement naturel', ""Impact sur l'habitat""]","['We collected fecal DNA samples over 5 closed sessions at each study site', 'We first cleared scat from all transects and then collected fecal DNA samples']",Invasif,"Le protocole implique la collecte de fèces sur des sessions fermées, ce qui peut perturber le comportement naturel des animaux et leur habitat. De plus, l'utilisation du terme 'closed' suggère une certaine restriction ou capture.",[1],"85% - Les termes utilisés dans le protocole suggèrent une certaine invasivité, mais il manque des détails sur la méthode exacte utilisée pour collecter les échantillons.",Non,"Le titre ne contient pas de déclaration globale de non-invasivité. Le protocole de collecte d'ADN fécal chez les mammifères est mentionné dans le titre mais il n'est pas présenté comme non invasif. Dans le corps de l'article, il n'y a pas de phrase indiquant explicitement que ce protocole est non invasif."
Molecular Ecology Resources - 2015 - Hawlitschek - Comprehensive DNA barcoding of the herpetofauna of Germany,Collecte d'échantillons de mucus et de tissu musculaire chez les mammifères,Échantillons de mucus prélevés à l'aide de tampons cloacaux et de cuisses/Tissu musculaire,"[""Stress pour l'animal"", 'Blessures potentielles', ""Stress potentiellement causé aux animaux lors de la collecte d'échantillons."", 'Possibilité de modification du comportement naturel des animaux.']","['We collected additional samples in the field, including cloacal and thigh swabs.', 'For live specimens, we applied cloacal and thigh swabbing and transferred the mucus material to the exact same plates.', 'Newly collected samples were also deposited in the ZSM tissue bank.', 'Further samples were obtained from the tissue bank of the Zoologisches Forschungsmuseum Alexander Koenig, Bonn (ZFMK).']",Invasif,"Le protocole implique un contact direct avec l'animal vivant (capture et manipulation) pour prélever les échantillons de mucus. De plus, il implique la collecte de nouveaux échantillons et l'obtention de plus amples échantillons à partir d'une banque de tissus, ce qui indique un contact direct avec les animaux vivants.","[1, 3]","85% - Les termes utilisés dans le protocole indiquent clairement que des échantillons ont été collectés et obtenus, mais il manque des informations sur la méthode exacte utilisée pour obtenir ces échantillons.",Non,Le titre ne contient pas de déclaration globale de non-invasivité. Le protocole détecté comme invasif n'est pas mentionné dans le titre. Le corps de l'article ne contient pas de phrase indiquant explicitement que ce protocole est non invasif.
1-s2.0-S0006320713002772-main,Collecte de fèces avec des chiens détecteurs d'échantillons,Fèces,"[""Stress potentiellement causé aux animaux par la présence des chiens détecteurs d'échantillons"", 'Impact sur le marquage territorial si les fèces sont collectées de manière systématique et exhaustive']",['Between November 10 and December 3 2008 we collected scats in SCNP with the help of scat detector dogs [...] One dog-handler team walked 180.94 km during 21 transects along the roads of SCNP'],Invasif,"Le protocole implique la collecte de fèces, ce qui est considéré comme invasif selon les critères généraux car il y a contact direct avec l'animal vivant (même si c'est indirect à travers ses fèces). Il n'y a pas d'informations sur la fréquence ou l'exhaustivité de la collecte, donc il est impossible de déterminer si cela relève du 'Territory marking' ou non.",[1],"70% - Implicite fort car il y a des éléments permettant une déduction solide, mais il manque des informations critiques pour évaluer complètement le protocole.",Non,Le titre mentionne 'noninvasive genetic data' mais ne fait pas de distinction entre les différentes méthodes utilisées. Le corps de l'article ne contient aucune phrase indiquant explicitement que la collecte de fèces avec des chiens détecteurs d'échantillons est non invasive.
1-s2.0-S0006320713002772-main,Utilisation de pièges photographiques,Photographies et fèces,['Perturbation du comportement naturel des jaguars'],"['Camera traps accumulated 1450 trap days, during which we obtained 72 photographs of 13 jaguars', 'Eighty-two potential jaguar scats were collected']",Invasif,"L'utilisation de pièges photographiques (camera traps) implique un contact direct avec l'animal vivant, même si ce n'est pas une capture ou manipulation physique. La collecte de fèces peut être considérée comme non invasive si elle est opportuniste et partielle (< 50% des fèces observées). Cependant, il n'y a pas d'informations sur la fréquence et l'intensité de l'échantillonnage de fèces.",[],"75% - La méthodologie est détaillée, mais il manque des informations critiques sur l'échantillonnage de fèces.",Manque d'informations,"Le titre ne contient pas de déclaration globale de non-invasivité, ni une mention explicite du protocole détecté comme invasif. Le corps de l'article ne contient pas de phrase indiquant explicitement que le protocole en question est non invasif."
150811014X687378,Collecte de fèces opportuniste,Fèces,"['Stress pour les animaux capturés', 'Blessures potentielles lors de la capture']","['DNA was extracted from about 0.01-0.05 g of faecal pellet unit using two different protocols', 'For this study, we selected faecal pellets that showed presence of feathers from a total of 47 giant noctules netted either over water courses in three points across Spain (La Rioja, Malaga and Jaen), or captured as they returned to their tree roosts in a city-park in Seville.', 'In this study we investigated the effects on the amplification success of prey DNA in bat scats of the time elapsed between faeces collection and DNA extraction (three to 12 years), conservation method (dried versus frozen) and DNA extraction method (two protocols).']",Invasif,"Le protocole implique la capture des chauves-souris, ce qui est une violation du critère d'invasivité 'Contact direct avec l'animal vivant'. La collecte de fèces est décrite comme une collecte ponctuelle et opportuniste, sans mention d'une capture ou manipulation des animaux. Il n'y a pas non plus de mention d'un nettoyage complet du territoire.",['1'],90% - L'extrait est explicite et les termes utilisés sont clairs. 100% - La méthodologie est explicitement détaillée. 70% - Implicite fort,Non,Le titre ne contient pas de déclaration globale de non-invasivité. Le protocole détecté comme invasif n'est pas mentionné dans le titre. Le corps de l'article ne contient pas de phrase indiquant explicitement que ce protocole est non invasif.
1-s2.0-S1616504714000342-main,Collecte d'échantillons de mammifères,Tissus et fèces,"['Stress', 'Blessures']","['A total of 355 samples were collected between 2009 and 2012, and 13 samples were collected between 2004 and 2008 (Fig. 1). We analysed 16 tissue samples obtained from dead animals, legally killed following the derogation rules of EU directive 92/43 and animals trapped for GPS collaring, 189 non-invasively collected hair samples from barbed wire traps, scratch trees and fences, and 163 scat samples.', 'We used hair and scat samples']",Invasif,"Le protocole implique la capture et le piégeage d'animaux, ce qui cause du stress et potentiellement des blessures.",['3'],"80% - Justification : La présence du mot-clé 'naturally' indique une collecte non invasive, mais il manque des informations sur la fréquence et l'intensité de l'échantillonnage.",Non,"Le titre de l'article mentionne explicitement 'noninvasive genetic assessment', mais le protocole détecté comme invasif ('Collecte d'échantillons de mammifères') n'est pas présenté dans le titre comme non invasif. De plus, il n'y a aucune phrase dans le corps de l'article qui indique explicitement que ce protocole est non invasif."
Molecular Ecology Resources - 2014 - Srivathsan - Comparing the effectiveness of metagenomics and metabarcoding for diet,Collecte d'échantillons de fèces chez les mammifères,Fèces,[],['Faecal samples were collected 72 h after the beginning of the feeding trial'],Non invasif,"La collecte de fèces est décrite comme opportuniste, sans mention d'une capture ou manipulation des animaux. La collecte a lieu 72 heures après le début de l'essai alimentaire, ce qui indique que les échantillons sont prélevés après le départ de l'animal.",[],80% - L'information est implicite mais permet une déduction solide.,,
Wildlife Monographs - 2016 - Laufenberg - Demographic rates and population viability of black bears in Louisiana,Capture et immobilisation d'ours noirs,Fèces,"['Stress pour les animaux', 'Blessures potentielles']","['We captured black bears each year from 2002 to 2011 as part of several projects...', 'When feasible, we immobilized females to replace VHF collars approaching the end of battery life using the same immobilization drugs and procedures as those used for live capture.', 'Additionally, we selected and immobilized females for translocation...']",Invasif,"Le protocole implique la capture et l'immobilisation des ours noirs, ce qui représente un contact direct avec l'animal vivant et une modification du comportement naturel. Cela remplit donc au moins UN des critères d'invasivité.","[1, 3]",100% - Méthodologie détaillée et termes clairs,Non,Le titre ne mentionne pas explicitement que le protocole est non invasif. Le corps de l'article ne contient pas de phrase indiquant explicitement que le protocole en question est non invasif.
Wildlife Monographs - 2016 - Laufenberg - Demographic rates and population viability of black bears in Louisiana,Collecte de poils d'ours noirs avec des pièges à barbelés,Hair snares,"['Stress pour les animaux', 'Blessures potentielles causées par les pièges']","['We established hair snares in 2006-2009 consisting of a single strand of 4-point, 15.5-gauge barbed wire stretched around 3-5 trees at 40-50 cm above ground and enclosing an area approximately 5 × 5 m.', 'Beginning in 2010, we constructed sites using 2 strands of barbed wire, 1 located at 35À40 cm and 1 at 65À70 cm above ground, to increase the likelihood of collecting hair from bears that avoided detection by crawling under or stepping over the single wire.', 'We checked all sites for hair samples and rebaited them every 7 days for 8 weeks each year.']",Invasif,"Le protocole implique la capture de poils en utilisant des pièges à barbelés, ce qui est considéré comme invasif selon les critères d'invasivité. La collecte régulière et systématique de poils peut également affecter le comportement naturel des animaux.",[3],100% - La méthodologie est détaillée et les termes utilisés sont clairs.,Non,Le texte ne contient pas de déclaration explicite ou implicite indiquant que la collecte de poils d'ours noirs avec des pièges à barbelés est non invasive.
Wildlife Monographs - 2016 - Laufenberg - Demographic rates and population viability of black bears in Louisiana,Échantillonnage de cheveux non invasif,Cheveux,[],"['ce a large number of hair samples and genotyping all of them can be cost-prohibitive. Therefore, we selected only a portion of the total number of samples collected (i.e., subsample) for DNA analysis.', 'DNA extraction and microsatellite genotyping.-Wildlife Genetics International, Inc. (Nelson, BC, Canada) performed DNA extraction and microsatellite genotyping following standard protocols (Woods et al. 1999, Paetkau 2003, Roon et al. 2005). They used clipped guard hair roots or entire clumps of underfur for extraction and recorded the quantity of guard hairs and underfur used for extraction for each sample.']",Non invasif,"Les cheveux sont des échantillons naturellement abandonnés par les animaux, il n'y a pas de capture ou manipulation directe de l'animal vivant. La collecte est ponctuelle et opportuniste.",[],80% - Justification : La méthodologie est détaillée mais il manque des informations sur la fréquence et l'intensité de l'échantillonnage.,,
rea_2016_timing_moose_pellet_collections,Collecte opportuniste de fèces de mammifères,Fèces,[],"['Fifteen to 20 moose fecal pellets were collected opportunistically from fecal pellet groups along the road and trail network of the study area', 'Ten samples of 15-20 pellets each were collected during the middle of each month']",Non invasif,"La collecte est ponctuelle et opportuniste, ce qui ne modifie pas le comportement naturel des animaux ni leur habitat. Il n'y a pas de capture ou manipulation des animaux.",['1'],100%,,
amre-article-p517_9,Prélèvements cutanés de larves,Prélèvements cutanés de larves,[],"['This demonstrates that skin swabbing of larvae is an efficient DNA sampling method ensuring reliable genotyping for the microsatellite loci investigated.', 'Our study showed that DNA in sufficient quantity and quality can be obtained from skin swabs taken from fire salamander larvae.', 'Among the 39 larval skin swabs']",Non invasif,"Les prélèvements cutanés de larves sont considérés comme non invasifs car ils n'impliquent pas la capture ou la manipulation des animaux vivants. De plus, il n'y a pas de mention d'une modification du comportement naturel ou d'une perturbation significative de l'habitat.",[],"80% - Justification : La méthodologie est explicitement mentionnée, mais il manque des informations sur la fréquence et l'intensité de l'échantillonnage.",,
Vellietal2015EurJWildRes,Collecte d'échantillons non invasifs,Cheveux et fèces,[],"['We collected a total of 63 non-invasive samples (30 hair and 33 scat samples).', ""DNA was extracted from both hair and faecal samples using the Blood & Tissue Kit® (Qiagen), following manufacturer's instructions."", 'We minimized contamination risks by using a laboratory dedicated to the pre-polymerase chain reaction (PCR) handling of non-invasively collected samples (Taberlet et al. 1999).']",Non invasif,Le protocole mentionne explicitement que les échantillons sont non-invasifs. Les échantillons de cheveux et de fèces ont été collectés sans capture ni manipulation directe des animaux.,[],"90% - La méthodologie est explicitement décrite comme non invasive, mais il manque des informations sur la fréquence et l'intensité de l'échantillonnage.",,
Vellietal2015EurJWildRes,Collecte d'échantillons invasifs,Hairs (poils),"['Stress pour les animaux capturés', 'Déplacement ou perturbation de leur territoire']","['We obtained a total of 570 animal captures.', 'Out of the 35 videos, 20 (57.1 %) were useful to detect at least nine different individuals of wildcat', 'Considering all of the wildcat captures, in 51.7 % of cases, the individuals showed no interest in the lures, while in 20.7 %, hairs were successfully trapped']",Invasif,"Le protocole implique la capture d'animaux (570 captures) et l'utilisation de leurres pour attirer les félins sauvages, ce qui modifie leur comportement naturel. Cela remplit deux des critères d'invasivité : contact direct avec l'animal vivant et modification du comportement.",[],100% - La méthodologie est explicitement détaillée dans le texte.,Non,"Le titre ne contient pas de déclaration globale de non-invasivité. Le protocole détecté comme invasif n'est pas mentionné dans le titre. Dans le corps de l'article, il est clairement indiqué que la collecte d'échantillons invasifs a été détectée comme étant invasive ('Collecte d'échantillons invasifs', 'We obtained a total of 570 animal captures.', 'Out of the 35 videos, 20 (57.1 %) were useful to detect at least nine different individuals of wildcat', 'Considering all of the wildcat captures, in 51.7 % of cases, the individuals showed no interest in the lures, while in 20.7 %, hairs were successfully trapped'). Il n'y a pas de phrase indiquant explicitement que ce protocole est non invasif."
Non-invasive genetic population density estimation of mountain hares (Lepus timidus) in the Alps sys,Échantillonnage passif des fèces,Fèces,[],"['passive sampling of faeces appears to be less affected by individual behaviour', 'Collecting different non-invasive samples']",Non invasif,"Le protocole mentionne spécifiquement que l'échantillonnage passif des fèces est moins affecté par le comportement individuel, ce qui indique une approche non invasive. De plus, il est fait référence à la collecte de différents échantillons non invasifs.",[],"85% - L'utilisation du terme 'non-invasive' et la mention de l'échantillonnage passif des fèces indiquent une approche non invasive. Cependant, il manque des informations sur la fréquence et l'exhaustivité de l'échantillonnage.",,
Non-invasive genetic population density estimation of mountain hares (Lepus timidus) in the Alps sys,Échantillonnage opportuniste des fèces,Fèces,[],"['During the control survey, fresh faeces were mostly found in plots that also contained faeces during the cleaning survey.']",Non invasif,"La collecte est décrite comme opportuniste, ce qui indique qu'elle n'est pas systématique ou exhaustive. Il n'y a pas de mention de capture ou de manipulation des animaux.",[2],70% - Implicite fort,,
Non-invasive genetic population density estimation of mountain hares (Lepus timidus) in the Alps sys,Échantillonnage systématique des fèces,Fèces,"['Stress pour les animaux', 'Perturbation du marquage territorial']","['The joint application of systematic and opportunistic NIGS in a pilot allows for identifying strengths and weaknesses of the two methods and avoids a potential bias by testing only one of them.', 'For a long-term mountain hare monitoring programme that aims for surveying minimum population densities, sex ratio, kinship, immigration and genetic diversity, we recommend to perform one systematic sampling per year in spring. Then, faeces are easily visible on the snow and the degradation of DNA is slow and delayed.']",Invasif,"La collecte systématique de fèces peut affecter le comportement naturel des animaux et perturber leur habitat, ce qui rend ce protocole invasif selon les critères définis.",[],75% - Implicite fort,Non,"Le titre de l'article mentionne explicitement 'non-invasive genetic population density estimation', mais il ne précise pas que le protocole d'échantillonnage systématique des fèces est non invasif. De plus, dans le corps de l'article, il est mentionné que ce protocole peut être invasif et qu'il nécessite une analyse externe pour déterminer son impact sur les animaux."
Non-invasive genetic population density estimation of mountain hares (Lepus timidus) in the Alps sys,Échantillonnage systématique des fèces avec recherche,Fèces,"['Perturbation du comportement naturel', 'Impact sur le marquage territorial']","['For the systematic sampling of faeces, 91 plots were preselected on a 200-m square grid', 'During the first survey, pre-selected coordinates were visited. If faeces were found, we cleared all pre-existing mountain hare faeces from the plot to accurately estimate the age of any faeces found during subsequent visits.', 'If faeces were not found at a given plot during the first survey, we searched the vicinity up to a maximum distance of 20 m', 'We revisited all plots after 2 or 5 days and collected fresh faeces.']",Invasif,"Le protocole implique la recherche et la collecte systématique de fèces, ainsi que leur suppression pour estimer l'âge. Cela peut perturber le comportement naturel des animaux et affecter leur territoire.",[],95% - Les termes utilisés dans le protocole sont clairs et permettent une déduction solide.,Non,"Le titre de l'article mentionne explicitement 'non-invasive genetic population density estimation', mais il ne précise pas que le protocole d'échantillonnage systématique des fèces avec recherche est non invasif. De plus, dans le corps de l'article, il n'y a aucune phrase indiquant explicitement que ce protocole est non invasif."
Molecular Ecology Resources - 2015 - Budischak - A combined parasitological molecular approach for noninvasive,Échantillonnage de fèces chez les mammifères,Fèces,"['Stress pour les animaux', 'Blessures potentielles lors de la capture']","['Approximately every 6 months, individuals were captured by helicopter or vehicle and then immobilized for noninvasive faecal sampling', 'In June-August 2012, a subset of 105 study animals were euthanized following the South African National Parks Standard Operating Procedure for Lethal Population Control. Thirty-three individuals testing positive for the presence of worms via noninvasive faecal sampling were randomly selected for adult parasite isolation. For this subset, faecal samples were collected from the rectum immediately after death for FEC and larvae collection']",Invasif,"Le protocole implique la capture et l'immobilisation des animaux pour prélever des échantillons de fèces, ce qui remplit le critère d'invasivité 'Contact direct avec l'animal vivant'.",[3],100%,Non,"Le titre de l'article mentionne explicitement une approche non invasive pour caractériser les communautés de nématodes parasites chez les animaux sauvages, mais il ne précise pas que le protocole d'échantillonnage de fèces est non invasif."
Lonsingeretal.-2015-BalancingsampleaccumulationandDNAdegradationratestooptimizenoninvasivegeneticsamplingofsympatric,Collecte de fèces pour l'analyse d'ADN,Fèces,[],"['Scat accumulation surveys in which transects are cleared and surveyed approximately 14 days later', 'We recommend that when possible pilot studies incorporating DNA degradation should use fresh scats collected from target populations.', '20 fresh scats were collected per species']",Non invasif,"La collecte est faite après le départ de l'animal sans capture ou manipulation. Les transects sont nettoyés puis surveillés 14 jours plus tard, ce qui permet aux animaux de quitter naturellement les fèces. La collecte de fèces fraîches est recommandée pour les études pilotes, ce qui correspond à une méthode non invasive selon la définition donnée. Il n'y a pas de mention de capture ou de manipulation des animaux.","['1', '2']",80% - L'information est implicite mais solide car elle permet de déduire que les animaux ont quitté naturellement les fèces.,,
1-s2.0-S1616504715000063-main,Collecte d'échantillons de fèces d'otarie,Fèces,[],"['Otter spraints were collected along the watercourse on sand banks, rocks, tributary outfalls or banks under bridges.', 'To minimise DNA degradation and to maximise DNA amplification success, sampling was carried out mainly during morning hours in cold months.', 'Otter faeces (spraints) were collected along two salmonid streams']",Non invasif,"La collecte d'échantillons de fèces d'otarie le long du cours d'eau sur les bancs de sable, les rochers, les embouchures des tributaires ou les berges sous les ponts est considérée comme non invasive car elle est effectuée principalement pendant les heures matinales dans les mois froids pour minimiser la dégradation de l'ADN et maximiser le succès de l'amplification de l'ADN. La collecte de fèces d'otaries le long des deux ruisseaux à salmonidés est considérée comme non invasive car elle est décrite comme opportuniste.",['2'],"80% - Justification : La méthodologie est implicitement décrite comme opportuniste, ce qui indique une collecte non invasive. Cependant, il manque des informations explicites sur la fréquence et l'intensité de l'échantillonnage.",,
Aquaculture Research - 2014 - Alonso - Non‐invasive fast real‐time PCR assay for detection of the enteric parasite,Prélèvement rectal non létal chez les poissons,Échantillons rectaux obtenus par prélèvement rectal non létal à l'aide d'un écouvillon rectal,[],"['Regarding the evaluation of the presence of E. scophthalmi in other tissues different from caecum or intestine tissues, it was concluded that the parasite was only present in target tissues such as caecum and intestine tissues, and in the rectal samples obtained by non-lethal sampling by rectal swab (Cq <35).']",Non invasif,"Le protocole décrit un prélèvement rectal non létal à l'aide d'un écouvillon rectal, ce qui est considéré comme non invasif selon les règles spécifiques aux poissons. Il n'y a pas de capture ou manipulation de l'animal vivant, ni modification du comportement naturel.",[],"80% - Justification : La méthodologie est explicitement détaillée pour le prélèvement rectal non létal, mais il manque des informations sur la fréquence et l'intensité de l'échantillonnage.",,
Aquaculture Research - 2014 - Alonso - Non‐invasive fast real‐time PCR assay for detection of the enteric parasite,Analyse histologique classique,Non spécifié,[],"['All samples were analyzed by means of classical histological techniques carried out by the pathologist of this farm.', 'Subsequently, they were transported to the laboratory under refrigerated conditions (4°C)']",Non invasif,"Le protocole ne mentionne pas la collecte des échantillons, il se concentre uniquement sur leur analyse et transport. Il n'y a donc aucun contact direct avec l'animal vivant, aucune capture ou manipulation de l'animal vivant, aucune modification du comportement naturel et aucune perturbation significative de l'habitat.",[],100% car le protocole ne mentionne pas la collecte des échantillons,,
Aquaculture Research - 2014 - Alonso - Non‐invasive fast real‐time PCR assay for detection of the enteric parasite,Prélèvement sanguin et fécal chez les poissons,Échantillons de sang et de fèces,"['Stress et blessures potentielles chez les poissons', 'Modification du comportement naturel']","['Whole juvenile turbot, S. maximus, and turbot caecum tissue infected by E. scophthalmi, were provided from a local farm...', 'Blood samples were obtained by puncturing the caudal vessels, and faeces samples were obtained from the tanks of the farm directly.', 'To obtain the rectal samples, the fish were anaesthetized with benzocaine and a sterile swab was inserted into the anogenital pore by a slight motion.']",Invasif,"Le protocole implique la capture et la manipulation des poissons pour obtenir les échantillons de sang, ce qui cause du stress et potentiellement des blessures. De plus, l'utilisation de benzocaine pour anesthésier les poissons avant de prélever les échantillons rectaux modifie leur comportement naturel.",[3],100% - La méthodologie est détaillée et les termes utilisés sont clairs.,Non,Le titre de l'article mentionne explicitement que le protocole est non invasif.
Molecular Ecology - 2016 - Barbosa - Endemic species may have complex histories  within‐refugium phylogeography of an,Échantillonnage d'ADN chez les Cabrera voles,Échantillons de tissu et d'os,"['Stress pour les animaux', ""Blessures potentielles causées par la capture et le prélèvement d'échantillons""]","['Being a species of conservation concern, we combined noninvasive sampling with minimal invasive sampling (ear biopsy) from live-caught (and released) Cabrera voles.']",Invasif,"Le protocole implique la capture des animaux pour prélever les échantillons, ce qui est contraire à la définition de l'échantillonnage non invasif.",['3'],100%,Non,Le titre ne contient pas de déclaration globale de non-invasivité. Le protocole d'échantillonnage d'ADN chez les Cabrera voles est décrit comme une combinaison d'échantillons non invasifs et d'échantillons invasifs (biopsies d'oreille). Il n'y a pas de phrase dans le corps de l'article qui indique explicitement que ce protocole est non invasif.
J Wildl Manag - 2013 - McCall - Combined use of mark‐recapture and genetic analyses reveals response of a black bear,Collecte de cheveux d'ours noirs,Cheveux,[],['We collected black bear hair samples'],Non invasif,La collecte de cheveux est considérée comme non invasive car elle ne nécessite pas la capture ou la manipulation des animaux. Les cheveux sont naturellement perdus par les ours noirs.,[],80% - La méthode utilisée est détaillée mais il manque des informations sur la fréquence et l'intensité de l'échantillonnage.,,
xiong2016,Extraction d'ADN à partir d'échantillons de sang stockés,Échantillons de sang stockés,[],['DNA was extracted from stored blood samples of males and females'],Non invasif,"Les échantillons de sang ont été prélevés et stockés précédemment, il n'y a pas de perturbation ni de manipulation des animaux vivants. Cela correspond à l'utilisation d'échantillons déjà abandonnés naturellement.",[],80% - Implicite fort,,
xiong2016,Identification du sexe à partir d'échantillons de fèces,Fèces,[],"['From a total of 45 feaces, 29 had the sex identified after three PCRS']",Non invasif,"La collecte est décrite comme opportuniste, ce qui indique que les échantillons ont été prélevés sans perturbation ni manipulation des animaux. Il n'y a pas de mention de capture ou de manipulation des animaux vivants, ni d'utilisation d'appâts ou leurres.",['1'],70% - Implicite fort,,
xiong2016,Collecte d'échantillons de plantes abandonnées,Plantes abandonnées,"['Blessure potentielle des gorilles si les plantes sont utilisées comme nourriture après la collecte.', 'Perturbation du comportement alimentaire des gorilles.']","['Samples of dropped plants were collected when a gorilla moved a minimum of 7 m to a new foraging area.', 'Using gloved hands, the most bitten or chewed portion of a discarded plant... was cut using disposable sterile scalpel blades and placed in 2 ml cryovial tubes containing 1 ml of viral transport media.']",Invasif,"Le protocole implique la manipulation des plantes abandonnées à l'aide d'un scalpel, ce qui constitue un contact direct avec l'échantillon et une modification de l'état naturel de l'échantillon.","[1, 3]",95% - Les termes 'cut' et 'scalpel' indiquent clairement une manipulation de l'échantillon.,Non,Le titre ne contient pas de déclaration globale de non-invasivité. Le protocole détecté comme invasif n'est pas mentionné dans le titre. Il n'y a pas de phrase indiquant explicitement que le protocole en question est non invasif dans le corps de l'article.
xiong2016,Collecte de fèces le long de transects fixes,Fèces,"[""Perturbation de l'habitat"", 'Modification du comportement naturel']","['Scat samples of small carnivores were collected along fixed transects within the Reserve which cover a broad elevation range from 1,200 to 3,200 m (Fig. 1). Sample collection was conducted between March 2013 and March 2014, excepting January-February and July-August due to freezing and rainy adverse weather conditions, respectively.']",Invasif,"Le protocole mentionne la collecte de fèces le long de transects fixes, ce qui indique une perturbation significative de l'habitat et une modification du comportement naturel des animaux.",[1],95% - Les termes utilisés dans le protocole sont explicites et permettent une évaluation claire de l'invasivité.,Non,Le titre ne mentionne pas explicitement que le protocole est non invasif. Le corps de l'article ne contient pas de phrase indiquant explicitement que la collecte de fèces le long de transects fixes est non invasive.
Estimating Abundance and Survival in the Endangered Point Arena Mountain Beaver UsingNoninvasive Gen,Collecte de poils à partir de pièges existants,Poils,"['Stress pour les animaux', ""Perturbation de l'habitat"", 'Blessures potentielles']","['A hair sample represents the hairs pooled from both snares at a single burrow, collected during a single sampling interval.', 'Other researchers have collected hair from burrow-dwelling species by taking advantage of the close contact between an animal and its burrow substrate', 'We improved upon this method by developing wire-brush hair snares inserted in the burrow wall']",Invasif,"Le protocole implique un contact direct avec l'animal vivant (poils prélevés à partir du burrow substrate) et une modification de l'habitat (insertion de wire-brush hair snares dans le mur du terrier). Le protocole implique également la capture des animaux pour obtenir les échantillons de cheveux, ce qui cause du stress et potentiellement des blessures. Cela remplit le critère d'invasivité 'Contact direct avec l'animal vivant'.","[1, 3]","85% - La méthodologie est explicitement décrite, mais il manque des informations sur la fréquence et l'exhaustivité.",Manque d'informations,Le titre mentionne 'noninvasive genetic methods' mais il n'y a pas de déclaration explicite ou implicite dans le corps de l'article concernant la non-invasivité du protocole spécifique de collecte de poils détecté comme invasif.
23.JournalofNaturalHistory,Sampling of hair and faeces,"Cheveux, fèces","['Modification du comportement naturel des ours', ""Perturbation significative de l'habitat""]","['A permanent sampling network of 110 hairtraps was installed in the study area and was revisited monthly from July to December 2011.', 'The initial selection of the poles was made after inspection of the local power pole network for recent bear signs (claw marks, hairs or mud). All hairs found on one barb of the barbed wire on a given power pole were considered as one sample and stored dry with silica gel at room temperature in a paper envelope.', 'In addition, 42 hair samples were collected with barbed wire attached on the fence of highway KA45. The hairtraps in that case were placed on both sides of the highway focusing on the spots where bears could easily clear the fence and revisited on a regular (every 2-3 days) basis for 2 months (October and November 2011).', 'To further increase sampling size and coverage, we included 46 faecal samples opportunistically collected during regular field surveys from July to December 2011. For species producing large faeces (i.e. brown bear), it is generally not necessary to collect the whole scat and hence a subsample of it is often taken in the field. To maximize DNA quality, the outside portion of bear scats was preferably collected according to Stenglein et al. (2010). Faecal samples were stored in plastic tubes containing absolute ethanol and preserved at -20°C.']",Invasif,"Les pièges à cheveux ont été installés et révisés régulièrement, ce qui implique une modification du comportement naturel des ours. De plus, la collecte de fèces a été effectuée de manière opportuniste mais régulière sur le même territoire.","['2', '4']",95% - Les termes utilisés dans le protocole sont explicites et permettent une déduction solide.,Oui,"Le titre de l'article contient explicitement 'non-invasive genetic study', ce qui indique que le protocole utilisé est non invasif."
23.JournalofNaturalHistory,Non-invasive sampling of hair and faeces,Fèces,[],['Non-invasive sampling of hair and faeces proved to be an efficient method for obtaining adequate genetic data'],Non invasif,"Le protocole mentionne explicitement que l'échantillonnage de fèces est non invasif. Il n'y a pas de capture ou manipulation des animaux, ni d'utilisation d'appâts ou leurres.",[],"80% - Justification : La méthodologie est explicitement décrite comme non invasive, mais il manque des informations sur la fréquence et l'intensité de l'échantillonnage.",,
23.JournalofNaturalHistory,Sampling of hair and faeces with capture,"Poils, fèces et sang","['Stress pour les ours capturés', 'Blessures potentielles lors de la capture']","[""Soixante-dix-neuf individus ont été détectés à partir d'échantillons de poils ou de fèces, tandis que six individus ont été détectés à partir d'échantillons de sang prélevés sur des ours vivants qui ont été capturés pour être pistés ou ont survécu à des collisions avec des véhicules.""]",Invasif,"Le protocole implique la capture d'ours vivants pour prélever des échantillons de sang, ce qui remplit le critère d'invasivité 'Contact direct avec l'animal vivant'. De plus, il y a un impact potentiel sur le comportement naturel des ours en étant capturés.",[3],100%,Oui,Le titre de l'article contient explicitement 'Non-invasive genetic study' ce qui indique que le protocole utilisé est non invasif.
23.JournalofNaturalHistory,Extensive scat sampling,Fèces,"['Modification du comportement naturel des animaux', ""Perturbation significative de l'habitat""]","['extensive scat sampling', 'baited hairtraps (Sawaya et al. 2012) or haitraps on rub trees (Woods et al. 1999)']",Invasif,"Le protocole implique l'utilisation de pièges à poils appâtés, ce qui modifie le comportement naturel des animaux et ne correspond pas à une méthode entièrement non invasive. De plus, la collecte extensive de fèces peut être considérée comme invasif si elle est effectuée sur le même territoire de manière systématique.",[],100%,Non,Le titre ne mentionne pas explicitement que le protocole est non invasif. Le corps de l'article ne contient pas de phrase indiquant explicitement que le protocole en question est non invasif.
23.JournalofNaturalHistory,Field sampling of hair and faeces,Cheveux et fèces,"['Stress pour les animaux', 'Blessures potentielles']","['The total number of samples collected in the field during the whole sampling season was 232 (171 hair samples, 46 scat samples and 15 blood samples).']",Invasif,"Le protocole implique la collecte de fèces et de cheveux dans le champ, ce qui nécessite un contact direct avec l'animal vivant. Cela remplit donc le critère d'invasivité.",['3'],100%,Oui,Le titre de l'article contient explicitement 'Non-invasive genetic study' ce qui indique que le protocole utilisé est non invasif.
Entomological Science - 2015 - Inoda - Noninvasive sampling of DNA from larval exuvia in diving beetles of the genera,Collecte d'exuvies larvaires de coléoptères aquatiques,Exuvies larvaires de coléoptères aquatiques,[],"['Larval exuviae (first or second larval stages) of diving beetles were collected under breeding conditions.', 'We collected the exuviae from first or second instar larvae within 24 h after molting.', 'Genomic DNA was extracted from a single exuvia that was preserved in pure ethanol for 3 to 4 months.']",Non invasif,Les exuvies larvaires sont naturellement abandonnées par les coléoptères aquatiques lors de leur mue. La collecte de ces exuvies ne nécessite pas la capture ou la manipulation des animaux et n'affecte pas leur comportement naturel.,[],100% - La méthodologie est explicitement détaillée et ne présente aucun élément permettant de déduire une invasivité.,,
Wildlife Society Bulletin - 2015 - Wultsch - Optimizing collection methods for noninvasive genetic sampling of neotropical,Collecte d'ADN à partir de fèces chez les mammifères,Fèces,"['Stress pour les animaux', ""Perturbation de l'habitat"", 'Blessures potentielles']","['We detected fecal samples using a professionally trained scatdetector dog', 'Upon detection in the field, we categorized each scat as low or high quality based on overall appearance, color, odor strength, and presence of mold.', 'For each fecal sample, we collected approximately 0.5 mL fecal material and stored it at ambient temperature...', 'Techniques for fecal DNA collection include collecting fecal material from the scat surface by swabbing (e.g., Frantz et al. 2003), scraping (e.g., Stenglein et al. 2010), washing (e.g., Palomares et al. 2002), or homogenizing fragments or entire scat samples prior to DNA extraction (e.g., Wasser et al. 1997).', 'Fecal DNA collected from the surface of the scat is usually the last in contact with the intestinal lining and the first to desiccate; thus, collection of fecal DNA from the surface is most reliable']",Invasif,"Le protocole implique l'utilisation d'un chien détecteur de fèces pour localiser les échantillons, ce qui constitue un contact direct avec l'animal vivant et une modification du comportement naturel. De plus, la collecte systématique des fèces peut être considérée comme invasive selon les règles spécifiques aux mammifères.","[1, 2, 3]",95% - Les termes utilisés dans le protocole sont explicites et permettent une évaluation claire de l'invasivité.,Non,"Le titre de l'article mentionne explicitement 'Optimizing Collection Methods for Noninvasive Genetic Sampling of Neotropical Felids', ce qui indique que le protocole utilisé est non invasif. Cependant, il n'y a pas de déclaration explicite dans le corps de l'article concernant la non-invasivité du protocole spécifique de collecte d'ADN à partir de fèces chez les mammifères."
Functional Ecology - 2015 - Valenta - Visual ecology of true lemurs suggests a cathemeral origin for the primate cone opsin,Collecte indépendante d'échantillons de fèces,Fèces,[],"['For 21 out of the 24 individuals, there were multiple sequences from independently collected faecal samples available']",Non invasif,"Le protocole mentionne la collecte indépendante d'échantillons de fèces, ce qui indique que les échantillons ont été prélevés naturellement et sans perturbation du comportement ou de l'habitat des animaux.",['1'],90%,,
Molecular Ecology Resources - 2013 - O_Neill - Development of novel real‐time TaqMan  PCR assays for the species and sex,"Échantillonnage d'ADN à partir de tissus musculaires, échantillons de poils et fèces","Tissus musculaires, échantillons de poils, fèces","[""Stress potentiellement subi par l'animal avant sa mort"", ""Perturbation potentielle de l'habitat""]","['Muscle tissue samples (...) were obtained from road kill animals (...)', 'hair samples (...) were collected (...)', 'Faecal samples were collected (...)']",Invasif,"Le protocole implique la collecte d'échantillons de tissus musculaires à partir d'animaux morts sur la route, ce qui est considéré comme invasif car cela implique un contact direct avec l'animal vivant après sa mort. De plus, il n'est pas spécifié si les animaux ont été tués intentionnellement ou non, ce qui pourrait être considéré comme une perturbation significative de l'habitat.",[3],"85% - La méthodologie est détaillée pour les tissus musculaires, mais il manque des informations sur la collecte des échantillons de poils et de fèces.",Non,"Le titre de l'article mentionne 'noninvasive genetic monitoring', mais il ne précise pas explicitement que le protocole d'échantillonnage d'ADN à partir de tissus musculaires, échantillons de poils et fèces est non invasif. Le corps de l'article ne contient aucune phrase indiquant explicitement que ce protocole est non invasif."
Molecular Ecology Resources - 2013 - O_Neill - Development of novel real‐time TaqMan  PCR assays for the species and sex,Évaluation de l'efficacité des réactions à partir d'ADN de tissu d'otarie dilué en série,ADN de tissu d'otarie dilué en série,[],['The efficiencies of the reactions were verified using serially diluted (three replicates across a 5-log dilution series of template: 4000-0.4 pg DNA) otter tissue DNA.'],Non invasif,"Le protocole utilise des échantillons de tissu d'otarie dilués en série, ce qui ne nécessite pas la capture ou la manipulation directe des animaux. Il n'y a pas de mots-clés indiquant une modification du comportement naturel ou une perturbation significative de l'habitat.",[],"80% - La justification est basée sur l'analyse des mots-clés et des critères d'invasivité, mais il manque des informations sur la méthode d'échantillonnage.",,
herreman_and_peacock_2013-pbs-feeding-at-point-barrow-bone-pile,Echantillonnage d'ADN chez les mammifères,Cheveux,"['Stress pour les animaux', 'Blessures potentielles']","['Physical capture or biopsy darting of bears at bone piles can be difficult due to the high number of bears in the vicinity and the location of bone piles on small spits of land or islands.', 'Hair samples were genotyped at 20 microsatellite loci by Wildlife Genetics International DNA was extracted using a Qiagen DNeasy kit from a minimum of 10 guard hair roots']",Invasif,"Le protocole implique la capture physique ou l'utilisation de fléchettes pour biopsie sur les ours, ce qui entraîne un contact direct avec l'animal vivant et une modification du comportement naturel. Cela remplit donc au moins UN des critères d'invasivité.","[1, 3]",100% car la méthodologie est explicitement détaillée et ne laisse place à aucune ambiguïté,Oui,"Le titre de l'article contient explicitement 'non-invasive genetic sampling', ce qui indique que le protocole utilisé est non invasif."
Pest Management Science - 2012 - Strangi - Managing outbreaks of the citrus long‐horned beetle Anoplophora chinensis,Collecte de frass d'insectes,Frass,['Stress potentiellement causé aux larves lors de leur extraction'],"['Frass was gently shaken inside collecting vials, and top layers, enriched with wood chippings, were discarded. About 100 mg of fine-grain frass was collected for each sample.', 'The diagnostic protocol was performed on ten independent frass samples (...) obtained from ten A. chinensis-infested trees', 'Larval frass of A. chinensis was collected from host plants in the two infested sites (Lombardy and Rome) in Italy.']",Invasif,"Le protocole implique la manipulation des animaux vivants (larves) pour confirmer l'identité de l'insecte, ce qui est considéré comme invasif selon les critères définis. Bien que certaines parties du protocole soient décrites comme non invasives, l'ensemble du processus est considéré comme invasif en raison de la perturbation causée par l'extraction des larves.","['1', '2', '3']","85% - L'interprétation est basée sur des éléments partiels, mais permet une déduction solide. Cependant, il manque des informations sur la fréquence et l'intensité de l'échantillonnage.",Non,"Le titre ne contient pas de déclaration globale de non-invasivité. Le protocole détecté comme invasif n'est pas mentionné dans le titre. Dans le corps de l'article, il n'y a pas de phrase indiquant explicitement que le protocole en question est non invasif."
wlb.00096,Prélèvement d'ADN à partir de fèces et biopsies d'oreille,Fèces et biopsies d'oreille,"['Stress animalier', 'Blessures potentielles']","['Six to 10 pellets or one-two droppings were taken from each individual', 'Ear clips from most of the individuals were also taken and preserved in Longmire buffer']",Invasif,"Le protocole implique la capture et la manipulation des animaux pour prélever les échantillons de fèces et les biopsies d'oreille, ce qui cause du stress et potentiellement des blessures.",['3'],100%,Non,"Le titre de l'article ne mentionne pas explicitement que le protocole est non invasif. De plus, il n'y a aucune phrase dans le corps de l'article qui indique explicitement ou implicitement que ce protocole est non invasif."
wlb.00096,Prélèvement d'ADN à partir de salive,Échantillon de salive prélevé avec un écouvillon,[],['Th e swab is immediately placed in a vial containing a lysis buffer that preserves the DNA for its later extraction.'],Non invasif,"Le protocole décrit le prélèvement d'un échantillon de salive à l'aide d'un écouvillon, qui est ensuite placé dans un tube contenant un tampon de lyse pour préserver l'ADN. Cette méthode ne nécessite pas de contact direct avec l'animal vivant, ni de capture ou de manipulation de l'animal vivant. Elle ne modifie pas le comportement naturel de l'animal et ne perturbe pas significativement l'habitat.",[],100% - La méthodologie est explicitement détaillée et ne laisse place à aucune ambiguïté.,,
wlb.00096,Prélèvement d'ADN à partir de cellules épithéliales gastrointestinales,Non spécifié,[],"['The method proposed here requires less and lighter sampling equipment', 'Such a practice is likely to maximise the gastrointestinal epithelial cells recovery compared to other preservation procedures']",Non invasif,"Le protocole ne mentionne pas la capture ou la manipulation d'animaux vivants, ni l'utilisation d'appâts ou leurres. Il est également précisé que cette méthode nécessite moins et plus léger équipement de prélèvement, ce qui suggère une approche non invasive.",[],100% car il n'y a pas de signaux d'alarme et que les mots-clés non invasifs sont explicites.,,
wlb.00096,Prélèvement d'ADN à partir d'un échantillon non spécifié,Non spécifié,[],['A multi-tube approach was used in this study to compare the amplifi cation success between the two sampling methods.'],Non invasif,"Le protocole ne mentionne pas la capture ou la manipulation d'animaux vivants, ni l'utilisation d'appâts ou leurres. Il est également précisé que l'amplification était plus robuste avec la méthode SW, ce qui suggère que les échantillons ont été prélevés de manière non invasive.",[],"80% - Justification : La méthodologie est implicitement mentionnée, mais il manque des informations sur le type d'échantillon utilisé.",,
15_171,Collecte et extraction d'ADN à partir de fèces,Fèces,"[""Stress potentiellement causé par la collecte de fèces sur le territoire de l'animal."", 'Impact sur le marquage territorial.']","['A total of 529 fecal samples were collected from the WGS, JJ, YD and WB study sites during May, June and July (Fig. 1).', 'Genomic DNA was extracted from feces using the QIAamp DNA Stool Mini Kit']",Invasif,"La collecte de fèces est invasive car elle implique un contact direct avec l'animal vivant (fèces sont produites par l'animal) et une perturbation significative de l'habitat (collecte sur le territoire de l'animal). Il n'y a pas d'indication que les animaux aient été capturés ou manipulés, mais cela reste invasif selon la définition donnée.","[1, 2]",95% - La méthodologie est explicitement détaillée dans l'extrait fourni.,Non,Le titre ne contient pas de déclaration globale de non-invasivité. Le protocole détecté comme invasif n'est pas mentionné dans le titre. Il n'y a pas de phrase indiquant explicitement que le protocole en question est non invasif dans le corps de l'article.
Wildlife Society Bulletin - 2013 - Fournier - A morphometric model to predict the sex of virginia rails  Rallus limicola (1),Échantillonnage d'ADN chez les oiseaux,Plumes,"['Stress pour les oiseaux capturés', 'Possibilité de blessures lors de la capture']","['We captured adult birds at Ottawa National Wildlife Refuge using live traps based on Kearns et al. (1998) during the springs of 2002-2011.', 'We collected one primary feather from each bird for genetic analysis.', 'We randomly selected a subset of the feathers of live-birds for genetic sex determination.', 'We extracted DNA from primary flight feathers using Qiagen DNeasy tissue extraction kits (QIAGEN, Inc., Valencia, CA).']",Invasif,"Le protocole implique la capture des oiseaux vivants à l'aide de pièges vivants, ce qui entraîne un contact direct avec les animaux vivants et une modification du comportement naturel. Cela remplit deux des critères d'invasivité.","[1, 3]","85% - L'utilisation de plumes naturelles est clairement mentionnée, mais il manque des informations sur la fréquence et l'intensité de l'échantillonnage.",Non,Le titre ne contient pas de déclaration globale de non-invasivité. Le protocole d'échantillonnage d'ADN chez les oiseaux est présenté comme invasif dans l'analyse externe et il n'y a aucune phrase dans le corps de l'article qui indique explicitement ou implicitement que ce protocole est non invasif.
041.041.0304,Échantillonnage d'ADN non invasif à partir de fèces,Fèces,[],"['genetic sex identification and efficient microsatellite genotyping using noninvasive samples, such as feces', 'Sampling only the fecal surface stored in lysis buffer']",Non invasif,"Le protocole utilise des échantillons de fèces prélevés à la surface, qui sont considérés comme non invasifs selon la définition donnée. Il n'y a pas de capture ou manipulation directe des animaux.",['feces'],100% - La méthodologie est explicitement détaillée et ne présente aucun signe d'alarme.,,
bi-et-al-2014-primer-design-for-non-invasive-genetic-identification-of-west-african-threatened-primates,Collecte d'ADN à partir de fèces,Fèces,[],"['The species-specific PCR primer sets designed by this study are successful in amplifying DNA extracted from fecal samples of target species among seven primate species.', 'Faecal samples of seven primate species were collected']",Non invasif,La collecte de fèces est décrite comme non invasive selon les critères spécifiques aux mammifères. Il n'y a pas de mention de capture ou de manipulation des animaux.,[],70% - Implicite fort,,
Karlsson-Fourmethodsnondestructive-2013,Collecte de fèces de loutres de rivière,Fèces,[],['One of the strengths of using genetic methods for monitoring river otter populations is the ease of collecting fecal samples from shared latrine sites along water bodies. Latrines are easy to locate and provide an opportunity to collect fecal material from multiple individuals at one site.'],Non invasif,"Le protocole décrit la collecte de fèces de loutres de rivière à partir de sites de latrines partagés le long des cours d'eau. La collecte est décrite comme facile et opportuniste, ce qui correspond aux critères de non-invasivité pour les fèces de mammifères.",[],85% - La méthodologie est implicitement forte car elle est basée sur des éléments permettant une déduction solide.,,
Karlsson-Fourmethodsnondestructive-2013,Écouvillonnage de viscères,Échantillons de viscères prélevés avec un écouvillonnage,"[""Stress potentiellement subi par l'animal lors de la manipulation""]","['Viscera swabbing was the best method on the basis of its high DNA yield and consistently high genotyping success', 'Storage of viscera-swab samples in lysis buffer at room temperature prior to extraction provided the highest DNA yield']",Invasif,"Le protocole implique la manipulation d'animaux morts pour prélever des échantillons de viscères, ce qui est considéré comme invasif selon les critères définis.",[],100% - La méthodologie est explicitement détaillée.,Non,"Le titre de l'article mentionne explicitement que les quatre méthodes sont non destructives, mais il ne précise pas si l'écouvillonnage de viscères est inclus dans ces méthodes. Cependant, dans le corps de l'article, il est mentionné que l'écouvillonnage de viscères a été évalué comme étant invasif lors d'une analyse externe."
Karlsson-Fourmethodsnondestructive-2013,Prélèvement de tissu de manteau/Visceres/Pied,Tissu de manteau/Visceres/Pied,"['Stress pour les animaux', 'Blessures potentielles']","['Clipping a small piece of mantle tissue (mantle biopsy) is effective for obtaining tissue for genetic and biochemical analyses', 'Swabbing or scraping of the viscera or the foot has been recommended as an alternative, noninvasive method']",Invasif,"Le protocole implique la capture et la manipulation directe des animaux vivants pour prélever des échantillons de tissu de manteau, de viscères ou du pied. Cela remplit le critère d'invasivité 'Contact direct avec l'animal vivant'.",['3'],100%,Non,"Le titre de l'article mentionne explicitement que les quatre méthodes sont non destructives, mais il ne précise pas quelles méthodes sont utilisées. Cependant, dans le corps de l'article, il est clairement indiqué que la méthode de prélèvement de tissu de manteau est invasive et peut entraîner des déformations et une possible mortalité à long terme."
Wildlife Biology - 2014 - Méndez - Estimating the population size of the endangered Cantabrian brown bear through genetic,Échantillonnage de poils et fèces d'ours,Poils et fèces,"['Stress pour les animaux', 'Déviation du comportement naturel']","['Samples used for the analyses were obtained from several sources. 1) Systematic surveys conducted on foot looking for bear signs (scat and hair) were carried out twice during the year... Hair traps (20 × 20 cm metallic-trellis, placed in a tree) in 75 sites systematically distributed over a 2.5 × 2.5 km grid, with 10 traps per site, baited with scent lure.']",Invasif,"Le protocole implique l'utilisation de pièges à appâts pour attirer les ours, ce qui modifie leur comportement naturel. Cela remplit le critère d'invasivité 'Utilisation d'appâts ou leurres modifiant le comportement'.",['2'],100% - Les termes 'traps' et 'baited' sont explicites dans le protocole.,Non,Le titre ne mentionne pas explicitement que le protocole est non invasif. Le corps de l'article ne contient pas de phrase indiquant explicitement que ce protocole est non invasif.
Karamanlidis2013.ActaTher.BearsMacedonia,Barbed-wire hair traps,Poils/Fèces,"['Stress potentiellement causé aux animaux par la manipulation des pièges', 'Perturbation du comportement naturel']","['Barbed-wire hair traps (Kendall and McKelvey 2008;Karamanlidis et al. 2010b) were placed on the poles and inspected monthly (April-October 2008 and2009). Overall, 340 inspections of these 45 hair traps were carried out (...) and bear presence was recorded on 85 occasions', 'The use of noninvasively obtained DNA samples (e.g. feces, hair, saliva) as a tool for measuring population parameters has become common in mammal populations.']",Invasif,"Le protocole implique la manipulation de pièges pour inspecter les poils, ce qui peut perturber le comportement naturel des animaux. De plus, l'inspection mensuelle peut être considérée comme une fréquence élevée.",[],85%,Non,"Le titre ne contient pas de déclaration globale de non-invasivité. Le protocole des pièges à poils barbelés est mentionné dans le titre mais il n'est pas présenté comme non invasif. Dans le corps de l'article, il n'y a pas de phrase indiquant explicitement que ce protocole est non invasif."
